"","stations","lon","lat","address"
"1","Northington Street , Holborn, London, United Kingdom",-0.1155339,51.5220419,"northington st, holborn, london wc1n, uk"
"2","Shoreditch High Street, Shoreditch, London, United Kingdom",-0.0772475,51.5244287,"shoreditch high st, shoreditch, london, uk"
"3","Palissy Street, Shoreditch, London, United Kingdom",-0.0738137,51.5263697,"palissy st, shoreditch, london e2, uk"
"4","Queen's Gate (Central), South Kensington, London, United Kingdom",-0.1792224,51.4968486,"queen's gate, south kensington, london sw7, uk"
"5","Farringdon Street, Holborn, London, United Kingdom",-0.1049107,51.5167338,"farringdon st, holborn, london, uk"
"6","Dunston Road , Haggerston, London, United Kingdom",-0.0747971,51.5364182,"dunston rd, haggerston, london, uk"
"7","Bethnal Green Road, Shoreditch, London, United Kingdom",-0.0740436,51.5238884,"bethnal green rd, shoreditch, london, uk"
"8","Regent's Row , Haggerston , London, United Kingdom",-0.0656374,51.5357545,"regent's row, hackney, london, uk"
"9","Brushfield Street, Liverpool Street, London, United Kingdom",-0.0814374,51.5187516,"liverpool street station, liverpool st, london ec2m 7py, uk"
"10","Victoria Park Road, Hackney Central, London, United Kingdom",-0.04896,51.5373887,"victoria park rd, hackney, london, uk"
"11","British Museum, Bloomsbury, London, United Kingdom",-0.1241272,51.5190201,"british museum (stop w), holborn, london wc1a 2nj, uk"
"12","Durant Street, Bethnal Green, London, United Kingdom",-0.0661075,51.5291227,"durant st, london e2, uk"
"13","Eastbourne Mews, Paddington, London, United Kingdom",-0.1793394,51.516538,"eastbourne mews, paddington, london w2, uk"
"14","Sugden Road, Clapham, London, United Kingdom",-0.1573823,51.4634066,"sugden rd, london, uk"
"15","Craven Street, Strand, London, United Kingdom",-0.1261654,51.5081697,"strand & craven street, charing cross, london wc2n 5dp, uk"
"16","Waterloo Station 1, Waterloo, London, United Kingdom",-0.1123051,51.5031653,"waterloo station, waterloo rd, south bank, london se1 8sw, uk"
"17","Blenheim Crescent, Ladbroke Grove, London, United Kingdom",-0.2083609,51.5151406,"ladbroke grove & blenheim cres, notting hill, london w11 1nx, uk"
"18","Broadcasting House, Marylebone, London, United Kingdom",-0.1439307,51.5188884,"broadcasting house, portland pl, marylebone, london w1a 1aa, uk"
"19","Old Street Station, St. Luke's, London, United Kingdom",-0.0874936,51.525676,"old street station, old street, london ec1y 1be, uk"
"20","Westfield Library Corner, Shepherd's Bush, London, United Kingdom",-0.2242789,51.5059065,"6 wood ln, shepherd's bush, london w12 7bf, uk"
"21","Mile End Park Leisure Centre, Mile End, London, United Kingdom",-0.032457,51.5194385,"mile end park leisure centre, mile end, london e3 4hl, uk"
"22","Kennington Lane Rail Bridge, Vauxhall, London, United Kingdom",-0.1227808,51.4860794,"vauxhall, s lambeth rd, vauxhall, london sw8 1ss, uk"
"23","Waterloo Bridge, South Bank, London, United Kingdom",-0.1168561,51.5085988,"waterloo bridge, london, uk"
"24","Pancras Road, King's Cross, London, United Kingdom",-0.1257798,51.5323446,"pancras rd, kings cross, london, uk"
"25","Cheapside, Bank, London, United Kingdom",-0.096795,51.515008,"150 cheapside, london ec2v 6et, uk"
"26","Swan Street, The Borough, London, United Kingdom",-0.0943749,51.499385,"swan st, london se1, uk"
"27","Boston Place, Marylebone, London, United Kingdom",-0.1629189,51.5240234,"boston pl, marylebone, london nw1, uk"
"28","Wellington Arch, Hyde Park, London, United Kingdom",-0.1508545,51.5025925,"apsley way, london w1j 7jz, uk"
"29","Falcon Road, Clapham Junction, London, United Kingdom",-0.1708113,51.4651737,"clapham junction, clapham junction, london sw11, uk"
"30","Ashley Crescent, Battersea, London, United Kingdom",-0.1518936,51.466577,"ashley cres, battersea, london sw11, uk"
"31","Drummond Street , Euston, London, United Kingdom",-0.1369738,51.5271053,"118 drummond st, london nw1 2hn, uk"
"32","Great Percy Street, Clerkenwell, London, United Kingdom",-0.1138544,51.5293177,"great percy st, clerkenwell, london wc1x, uk"
"33","Mostyn Grove, Bow, London, United Kingdom",-0.0255836,51.5306922,"mostyn grove, bow, london e3, uk"
"34","Waterloo Station 3, Waterloo, London, United Kingdom",-0.1123051,51.5031653,"waterloo station, waterloo rd, south bank, london se1 8sw, uk"
"35","Cleaver Street, Kennington, London, United Kingdom",-0.1103246,51.4882828,"cleaver st, prince's, london se11, uk"
"36","Golden Lane, Barbican, London, United Kingdom",-0.0944587,51.521991,"golden ln, barbican, london, uk"
"37","Queen Victoria Street, St. Paul's, London, United Kingdom",-0.0983506,51.5138453,"st. paul's churchyard, london ec4m 8ad, uk"
"38","Queen Street 1, Bank, London, United Kingdom",-0.0926655,51.5123204,"queen st, london, uk"
"39","Derry Street, Kensington, London, United Kingdom",-0.1912508,51.5011812,"derry st, kensington, london w8, uk"
"40","Halford Road, West Kensington, London, United Kingdom",-0.198382,51.4836688,"halford rd, fulham, london sw6, uk"
"41","Cranmer Road, Stockwell, London, United Kingdom",-0.1102848,51.4795244,"cranmer rd, vassal, london sw9, uk"
"42","Albert Gate, Hyde Park, London, United Kingdom",-0.1657303,51.5072682,"hyde park, london, uk"
"43","Holborn Circus, Holborn, London, United Kingdom",-0.1075894,51.5177959,"holborn circus, holborn, london, uk"
"44","Queen's Gate (North), Kensington, London, United Kingdom",-0.1803987,51.4969617,"queen's gate pl, south kensington, london sw7, uk"
"45","North Audley Street, Mayfair, London, United Kingdom",-0.153335,51.5128777,"n audley st, mayfair, london, uk"
"46","Flamborough Street, Limehouse, London, United Kingdom",-0.0389979,51.5136761,"flamborough st, limehouse, london, uk"
"47","Wandsworth Rd, Isley Court, Wandsworth Road, London, United Kingdom",-0.1324144,51.4744356,"wandsworth rd, london, uk"
"48","Teversham Lane, Stockwell, London, United Kingdom",-0.1236329,51.4760383,"teversham ln, stockwell, london, uk"
"49","Caldwell Street, Stockwell, London, United Kingdom",-0.1148313,51.4769671,"caldwell st, vassal, london, uk"
"50","Clerkenwell Green, Clerkenwell, London, United Kingdom",-0.1055369,51.5226698,"clerkenwell green, clerkenwell, london, uk"
"51","Porchester Place, Paddington, London, United Kingdom",-0.1655528,51.5150956,"porchester pl, st george's fields, london w2, uk"
"52","Kennington Cross, Kennington, London, United Kingdom",-0.1119362,51.4879753,"kennington, london se11 5dp, uk"
"53","Southwark Street, Bankside, London, United Kingdom",-0.0976442,51.5060041,"18 great guildford st, london se1 0fd, uk"
"54","Bethnal Green Garden, Bethnal Green, London, United Kingdom",-0.0546802,51.5261442,"bethnal green garden, 10 witan st, bethnal green, london e2 6fg, uk"
"55","Pitfield Street Central, Hoxton, London, United Kingdom",-0.0829112,51.5311952,"pitfield st, hoxton, london n1, uk"
"56","Warwick Square, Pimlico, London, United Kingdom",-0.1423446,51.4902604,"warwick square, pimlico, london sw1v, uk"
"57","Wenlock Road , Hoxton, London, United Kingdom",-0.0941564,51.5314813,"wenlock rd, hoxton, london n1, uk"
"58","Mile End Stadium, Mile End, London, United Kingdom",-0.0321641,51.5192054,"190 burdett rd, mile end, london e3 4hl, uk"
"59","Long Lane , Bermondsey, London, United Kingdom",-0.0840397,51.498498,"long ln, bermondsey, london se1, uk"
"60","Pont Street, Knightsbridge, London, United Kingdom",-0.160046,51.4970755,"pont st, knightsbridge, london, uk"
"61","Moor Street, Soho, London, United Kingdom",-0.129501,51.5134678,"moor st, soho, london w1d, uk"
"62","Palace Gate, Kensington Gardens, London, United Kingdom",-0.179165,51.506987,"kensington gardens, london w2 2uh, uk"
"63","Good's Way, King's Cross, London, United Kingdom",-0.1248786,51.5346672,"goods way, kings cross, london n1c, uk"
"64","Bankside Mix, Bankside, London, United Kingdom",-0.092892,51.5071143,"bankside, 34 park st, london se1 9ef, uk"
"65","Clinton Road, Mile End, London, United Kingdom",-0.0375181,51.5271417,"clinton rd, mile end, london e3, uk"
"66","Whitehall Place, Strand, London, United Kingdom",-0.1265712,51.5049822,"whitehall, westminster, london sw1a, uk"
"67","Gloucester Street, Pimlico, London, United Kingdom",-0.1414431,51.4891954,"gloucester st, pimlico, london sw1v, uk"
"68","Ampton Street , Clerkenwell, London, United Kingdom",-0.1170039,51.527567,"ampton st, clerkenwell, london, uk"
"69","Charles II Street, West End, London, United Kingdom",-0.133144,51.5079767,"charles ii st, st. james's, london sw1y, uk"
"70","Union Street, The Borough, London, United Kingdom",-0.0980642,51.5038011,"union st, london se1, uk"
"71","Exhibition Road, Knightsbridge, London, United Kingdom",-0.1741904,51.4986345,"exhibition rd, knightsbridge, london sw7, uk"
"72","Clarges Street, Mayfair, London, United Kingdom",-0.1451878,51.5069156,"clarges st, mayfair, london w1j, uk"
"73","Bolsover Street, Fitzrovia, London, United Kingdom",-0.1428264,51.5219348,"bolsover st, fitzrovia, london, uk"
"74","Bermondsey Street, Bermondsey, London, United Kingdom",-0.081462,51.4998435,"bermondsey st, bermondsey, london se1, uk"
"75","Baldwin Street, St. Luke's, London, United Kingdom",-0.0888982,51.526928,"baldwin st, old street, london ec1v, uk"
"76","Hop Exchange, The Borough, London, United Kingdom",-0.091374,51.5049118,"24 southwark st, london se1 1ty, uk"
"77","Chelsea Bridge, Pimlico, London, United Kingdom",-0.1529295,51.4878144,"chelsea bridge rd, london sw3, uk"
"78","Storey's Gate, Westminster, London, United Kingdom",-0.1296283,51.5003984,"storey's gate, westminster, london sw1h, uk"
"79","Worship Street, Shoreditch, London, United Kingdom",-0.0828753,51.5220382,"worship st, shoreditch, london, uk"
"80","Finsbury Square , Moorgate, London, United Kingdom",-0.0882093,51.5181956,"moorgate & finsbury circus, finsbury, london ec2m 6tx, uk"
"81","Winsland Street, Paddington, London, United Kingdom",-0.175062,51.517044,"winsland st, paddington, london w2, uk"
"82","Finsbury Leisure Centre, St. Luke's, London, United Kingdom",-0.0954595,51.5259099,"norman st, london ec1v 3pu, uk"
"83","Albany Street, The Regent's Park, London, United Kingdom",-0.1444422,51.5297957,"albany st, london nw1, uk"
"84","Stanley Grove, Battersea, London, United Kingdom",-0.151538,51.4692418,"stanley grove, battersea, london sw11, uk"
"85","Kennington Oval, Oval, London, United Kingdom",-0.1159878,51.4831071,"kennington oval, oval, london, uk"
"86","Little Brook Green, Brook Green, London, United Kingdom",-0.2229749,51.4972637,"170 shepherds bush rd, hammersmith, london w6 7pb, uk"
"87","Torrens Street, Angel, London, United Kingdom",-0.1055329,51.5319966,"torrens st, the angel, london, uk"
"88","Ethelburga Estate, Battersea Park, London, United Kingdom",-0.1564981,51.4791075,"battersea park, battersea, london sw11 4nj, uk"
"89","Vincent Street, Pimlico, London, United Kingdom",-0.1311701,51.4929694,"vincent st, pimlico, london sw1p, uk"
"90","Disraeli Road, Putney, London, United Kingdom",-0.2125886,51.460976,"disraeli rd, putney, london sw15, uk"
"91","Rectory Square, Stepney, London, United Kingdom",-0.0441474,51.5188089,"rectory square, london e1, uk"
"92","Waterloo Station 2, Waterloo, London, United Kingdom",-0.1123051,51.5031653,"waterloo station, waterloo rd, south bank, london se1 8sw, uk"
"93","St. Luke's Church, Chelsea, London, United Kingdom",-0.1694433,51.4896014,"sydney st, chelsea, london sw3 6nh, uk"
"94","Charlotte Terrace, Angel, London, United Kingdom",-0.1128513,51.5361242,"charlotte terrace, the angel, london n1, uk"
"95","Princedale Road , Holland Park, London, United Kingdom",-0.2097745,51.5082359,"princedale rd, notting hill, london w11, uk"
"96","Margery Street, Clerkenwell, London, United Kingdom",-0.1111997,51.52721,"margery st, clerkenwell, london wc1x, uk"
"97","Cantrell Road, Bow, London, United Kingdom",-0.0269045,51.5216449,"cantrell rd, bow, london e3, uk"
"98","Antill Road, Mile End, London, United Kingdom",-0.0342238,51.5292912,"antill rd, london e3, uk"
"99","Princes Square, Bayswater, London, United Kingdom",-0.1913299,51.51336,"prince's square, bayswater, london w2, uk"
"100","Beryl Road, Hammersmith, London, United Kingdom",-0.2208964,51.4886541,"beryl rd, hammersmith, london w6, uk"
"101","Sutton Street, Shadwell, London, United Kingdom",-0.0535538,51.5126454,"sutton st, shadwell, london e1, uk"
"102","Philpot Street, Whitechapel, London, United Kingdom",-0.0586831,51.5153076,"philpot st, whitechapel, london e1, uk"
"103","Fashion Street, Whitechapel, London, United Kingdom",-0.0726067,51.5184578,"fashion st, whitechapel, london e1, uk"
"104","Argyll Road, Kensington, London, United Kingdom",-0.1964776,51.5014197,"argyll rd, kensington, london w8, uk"
"105","Cadogan Place, Knightsbridge, London, United Kingdom",-0.1576728,51.4973568,"cadogan pl, knightsbridge, london sw1x, uk"
"106","Ilchester Gardens, Bayswater, London, United Kingdom",-0.1911792,51.5128846,"ilchester gardens, bayswater, london w2, uk"
"107","Fanshaw Street, Hoxton, London, United Kingdom",-0.0819435,51.5297425,"fanshaw st, hoxton, london n1, uk"
"108","Greyhound Road, Hammersmith, London, United Kingdom",-0.2142091,51.4861679,"greyhound rd, hammersmith, london, uk"
"109","Belgrove Street , King's Cross, London, United Kingdom",-0.1233837,51.5296913,"belgrove st, kings cross, london, uk"
"110","Nesham Street, Wapping, London, United Kingdom",-0.0674601,51.507445,"nesham st, st katharine's & wapping, london e1w, uk"
"111","Palace Gardens Terrace, Notting Hill, London, United Kingdom",-0.1931607,51.5074642,"palace gardens terrace, london, uk"
"112","City Road, Angel, London, United Kingdom",-0.1023314,51.5309778,"city rd, the angel, london, uk"
"113","Hereford Road, Bayswater, London, United Kingdom",-0.1938789,51.515049,"hereford rd, bayswater, london, uk"
"114","Lansdowne Road, Ladbroke Grove, London, United Kingdom",-0.2071301,51.5134166,"ladbroke grove & lansdowne rd, notting hill, london w11 2lf, uk"
"115","Charing Cross Hospital, Hammersmith, London, United Kingdom",-0.2207573,51.4870272,"fulham palace rd, hammersmith, london w6 8rf, uk"
"116","Knaresborough Place, Earl's Court, London, United Kingdom",-0.1908746,51.4939621,"knaresborough pl, earl's court, london sw5, uk"
"117","St. John's Road, Clapham Junction, London, United Kingdom",-0.1708113,51.4651737,"clapham junction, clapham junction, london sw11, uk"
"118","Finsbury Library , Finsbury, London, United Kingdom",-0.1047222,51.5263889,"245 st john st, clerkenwell, london ec1v 4nb, uk"
"119","Soho Square , Soho, London, United Kingdom",-0.1321359,51.5153121,"soho square, west end, london, uk"
"120","Handyside Street, King's Cross, London, United Kingdom",-0.125248,51.5374403,"handyside st, kings cross, london n1c, uk"
"121","Upcerne Road, West Chelsea, London, United Kingdom",-0.1829095,51.4788332,"upcerne rd, chelsea, london sw10, uk"
"122","Hawley Crescent, Camden Town, London, United Kingdom",-0.1429936,51.5410721,"hawley cres, camden town, london nw1, uk"
"123","Roscoe Street, St. Luke's, London, United Kingdom",-0.0936113,51.5233716,"roscoe st, london ec1y, uk"
"124","Wapping High Street, Wapping, London, United Kingdom",-0.0609839,51.503337,"wapping high st, wapping, london, uk"
"125","Snowsfields, London Bridge, London, United Kingdom",-0.0753565,51.5054564,"tower bridge, tower bridge rd, london se1 2up, uk"
"126","Hardwick Street, Clerkenwell, London, United Kingdom",-0.1085571,51.5277107,"hardwick st, clerkenwell, london, uk"
"127","Ashley Place, Victoria, London, United Kingdom",-0.1403369,51.4962821,"ashley pl, victoria, london, uk"
"128","Elizabeth Bridge, Victoria, London, United Kingdom",-0.146873,51.4922442,"elizabeth bridge, victoria, london sw1w, uk"
"129","Binfield Road, Stockwell, London, United Kingdom",-0.1243705,51.4732688,"binfield rd, stockwell, london sw4, uk"
"130","St. John's Wood Road, St. John's Wood, London, United Kingdom",-0.1742964,51.5275743,"st john's wood rd, st john's wood, london, uk"
"131","Lee Valley VeloPark, Queen Elizabeth Olympic Park, London, United Kingdom",-0.0152847,51.5504337,"abercrombie rd, london e20 3ab, uk"
"132","Kensington Olympia Station, Olympia, London, United Kingdom",-0.2103319,51.497893,"kensington (olympia), hammersmith, london w14 0ne, uk"
"133","Crosswall, Tower, London, United Kingdom",-0.0753565,51.5054564,"tower bridge, tower bridge rd, london se1 2up, uk"
"134","Ashmole Estate, Oval, London, United Kingdom",-0.1162002,51.4811206,"oval, london sw8, uk"
"135","Belvedere Road 1, South Bank, London, United Kingdom",-0.118154,51.5016932,"south block, 1 belvedere rd, south bank, london se1 7ga, uk"
"136","Brunswick Square, Bloomsbury, London, United Kingdom",-0.1226079,51.5242289,"brunswick square, bloomsbury, london wc1n, uk"
"137","Black Lion Gate, Kensington Gardens, London, United Kingdom",-0.1877778,51.5088889,"black lion gate, london w2 4ru, uk"
"138","Hoxton Station, Hoxton, London, United Kingdom",-0.0757789,51.5313357,"hoxton railway station, london, uk"
"139","Barbican Centre, Barbican, London, United Kingdom",-0.0937864,51.5202077,"silk st, barbican, london ec2y 8ds, uk"
"140","Hartington Road, Stockwell, London, United Kingdom",-0.1270856,51.4773249,"hartington rd, stockwell, london sw8, uk"
"141","Aldersgate Street, Barbican, London, United Kingdom",-0.0971308,51.5191902,"aldersgate st, barbican, london, uk"
"142","Stratford Station, Stratford, London, United Kingdom",-0.0032294,51.5413329,"stratford, london e15 1de, uk"
"143","High Holborn , Covent Garden, London, United Kingdom",-0.1192532,51.5176953,"high holborn, london, uk"
"144","Abbey Orchard Street, Westminster, London, United Kingdom",-0.131326,51.4983369,"abbey orchard st, westminster, london, uk"
"145","Allington Street, Victoria, London, United Kingdom",-0.142943,51.496863,"allington street, victoria, westminster, london sw1e 5wx, uk"
"146","Warren Street Station, Euston, London, United Kingdom",-0.1381658,51.5246171,"warren street station, bloomsbury, london nw1 3aa, uk"
"147","Normand Park, West Kensington, London, United Kingdom",-0.2067792,51.4847724,"normand park, 84 bramber rd, hammersmith, london w14 9pb, uk"
"148","Colet Gardens, Hammersmith, London, United Kingdom",-0.216638,51.4920919,"colet gardens, hammersmith, london w6, uk"
"149","Snow Hill, Farringdon, London, United Kingdom",-0.1036719,51.517324,"snow hill, farringdon, london, uk"
"150","Penywern Road, Earl's Court, London, United Kingdom",-0.1927596,51.49141,"penywern rd, earl's court, london sw5, uk"
"151","St. John's Wood Church, The Regent's Park, London, United Kingdom",-0.1682359,51.5304682,"lord’s roundabout, st john's wood, london nw8 7ne, uk"
"152","Riverlight North, Nine Elms, London, United Kingdom",-0.1385428,51.4813535,"3 riverlight quay, nine elms, london sw11 8ay, uk"
"153","Goldsmith's Row, Haggerston, London, United Kingdom",-0.065016,51.5333321,"goldsmiths row, london e2, uk"
"154","Warwick Avenue Station, Maida Vale, London, United Kingdom",-0.1838447,51.5232546,"warwick avenue station, warwick ave, little venice, london w9 2pt, uk"
"155","St. George Street, Mayfair, London, United Kingdom",-0.143172,51.5126331,"st george st, mayfair, london, uk"
"156","Aylward Street, Stepney, London, United Kingdom",-0.04755,51.5158554,"aylward st, stepney green, london e1, uk"
"157","Ravenscourt Park Station, Hammersmith, London, United Kingdom",-0.236075,51.4939908,"ravenscourt park underground station, ravenscourt rd, hammersmith, london w6 0ug, uk"
"158","Hermitage Court, Wapping, London, United Kingdom",-0.0634379,51.504052,"hermitage court, knighten st, st katharine's & wapping, london e1w 1pw, uk"
"159","Windsor Terrace, Hoxton, London, United Kingdom",-0.0934757,51.5292388,"windsor terrace, hoxton, london, uk"
"160","Monument Street, Monument, London, United Kingdom",-0.085942,51.510143,"fish st hill, bridge, london ec3r 8ah, uk"
"161","Horseferry Road, Westminster, London, United Kingdom",-0.1295322,51.4948593,"horseferry rd, westminster, london sw1p, uk"
"162","Tanner Street, Bermondsey, London, United Kingdom",-0.0782621,51.5000472,"tanner st, bermondsey, london se1, uk"
"163","Bricklayers Arms, Borough, London, United Kingdom",-0.0850787,51.4942419,"bricklayers arms, london se1, uk"
"164","Bayswater Road, Hyde Park, London, United Kingdom",-0.1657303,51.5072682,"hyde park, london, uk"
"165","Newby Place, Poplar, London, United Kingdom",-0.0121373,51.5101628,"newby pl, poplar, london e14, uk"
"166","St. James's Square, St. James's, London, United Kingdom",-0.1346282,51.5068269,"st james's square, st. james's, london sw1y, uk"
"167","Eagle Wharf Road, Hoxton, London, United Kingdom",-0.0911685,51.5343017,"eagle wharf rd, hoxton, london n1, uk"
"168","Vauxhall Cross, Vauxhall, London, United Kingdom",-0.1244856,51.4871871,"sis building, vauxhall, london, uk"
"169","Bourne Street, Belgravia, London, United Kingdom",-0.1546626,51.491905,"bourne st, belgravia, london sw1w, uk"
"170","Strata, Elephant & Castle, London, United Kingdom",-0.0993869,51.4929781,"strata se1, london se1, uk"
"171","Limerston Street, West Chelsea, London, United Kingdom",-0.1793657,51.4843948,"limerston st, chelsea, london sw10, uk"
"172","Green Park Station, Mayfair, London, United Kingdom",-0.1428496,51.5069125,"green park station, green park station, london w1j 9dz, uk"
"173","Wright's Lane, Kensington, London, United Kingdom",-0.1927683,51.4997884,"wrights ln, kensington, london w8, uk"
"174","Bank of England Museum, Bank, London, United Kingdom",-0.087637,51.514135,"bartholomew ln, london ec2r 8ah, uk"
"175","Ranelagh Gardens, Fulham, London, United Kingdom",-0.2079224,51.4676432,"ranelagh gardens, fulham, london sw6, uk"
"176","Queen's Gate, Kensington Gardens, London, United Kingdom",-0.179165,51.506987,"kensington gardens, london w2 2uh, uk"
"177","Bunhill Row, Moorgate, London, United Kingdom",-0.0897067,51.5215441,"2 bunhill row, london ec1y 8hq, uk"
"178","St. Mark's Road, North Kensington, London, United Kingdom",-0.218434,51.5209376,"st mark's rd, london w10, uk"
"179","Cartwright Gardens , Bloomsbury, London, United Kingdom",-0.1273552,51.526698,"cartwright gardens, bloomsbury, london wc1h, uk"
"180","Chancery Lane, Holborn, London, United Kingdom",-0.1120214,51.516154,"chancery ln, holborn, london, uk"
"181","Here East South, Queen Elizabeth Olympic Park, London, United Kingdom",-0.0239598,51.5473914,"queen elizabeth olympic park, hackney wick, london e15 2gw, uk"
"182","Endsleigh Gardens, Euston, London, United Kingdom",-0.1331763,51.528099,"euston station, london nw1 2du, uk"
"183","Crisp Road, Hammersmith, London, United Kingdom",-0.2271638,51.4885691,"crisp rd, hammersmith, london w6, uk"
"184","Gloucester Road Station, South Kensington, London, United Kingdom",-0.18263,51.49432,"gloucester road, south kensington, london sw7, uk"
"185","Stanhope Gate, Mayfair, London, United Kingdom",-0.1516481,51.5066114,"stanhope gate, mayfair, london, uk"
"186","Vauxhall Walk, Vauxhall, London, United Kingdom",-0.1201601,51.4898557,"vauxhall walk, vauxhall, london, uk"
"187","Westbourne Grove, Bayswater, London, United Kingdom",-0.1928815,51.5152845,"westbourne grove, bayswater, london, uk"
"188","Westbridge Road, Battersea, London, United Kingdom",-0.1713553,51.4764519,"westbridge rd, battersea, london sw11, uk"
"189","Clapham Road, Lingham Street, Stockwell, London, United Kingdom",-0.1242068,51.4707851,"clapham rd & lingham st, stockwell, london sw9 9ha, uk"
"190","Sandilands Road, Walham Green, London, United Kingdom",-0.1914323,51.4736922,"sandilands rd, fulham, london sw6, uk"
"191","Berry Street, Clerkenwell, London, United Kingdom",-0.1003311,51.5234512,"berry st, clerkenwell, london ec1v, uk"
"192","Empire Square, The Borough, London, United Kingdom",-0.0908331,51.5009219,"empire square west, london se1 4nh, uk"
"193","Vicarage Gate, Kensington, London, United Kingdom",-0.1919072,51.5047716,"vicarage gate, kensington, london w8, uk"
"194","Buckingham Gate, Westminster, London, United Kingdom",-0.1390207,51.4993671,"buckingham gate, westminster, london, uk"
"195","St. Bride Street, Holborn, London, United Kingdom",-0.1055685,51.5151859,"st bride st, holborn, london ec4a, uk"
"196","Hortensia Road, West Brompton, London, United Kingdom",-0.1852788,51.4818392,"hortensia rd, chelsea, london sw10, uk"
"197","Malet Street, Bloomsbury, London, United Kingdom",-0.1302396,51.5214099,"malet st, bloomsbury, london wc1e, uk"
"198","Imperial Wharf Station, Sands End, London, United Kingdom",-0.1827476,51.4750274,"imperial wharf, lockyer house, hemans st, chelsea harbour, london sw8 4sr, uk"
"199","Marylebone Lane, Marylebone, London, United Kingdom",-0.1500256,51.5162593,"marylebone ln, marylebone, london, uk"
"200","Sedding Street, Sloane Square, London, United Kingdom",-0.1567432,51.4928833,"sloane square & sedding st, belgravia, london sw1w 8ee, uk"
"201","Bayley Street , Bloomsbury, London, United Kingdom",-0.1317587,51.5187617,"bayley st, bloomsbury, london w1t, uk"
"202","Tate Modern, Bankside, London, United Kingdom",-0.0993564,51.5075953,"bankside, london se1 9tg, uk"
"203","Queen Mary's, Mile End, London, United Kingdom",-0.0403745,51.5240671,"mile end rd, bethnal green, london e1 4ns, uk"
"204","Walmer Road, Avondale, London, United Kingdom",-0.2133436,51.5113211,"avondale park, walmer rd, notting hill, london w11 4pn, uk"
"205","Imperial College, Knightsbridge, London, United Kingdom",-0.1748772,51.4987997,"south kensington, london sw7 2bu, uk"
"206","Clifton Road, Maida Vale, London, United Kingdom",-0.1793799,51.5255888,"clifton rd, maida vale, london w9, uk"
"207","Cheshire Street, Bethnal Green, London, United Kingdom",-0.0686688,51.5236542,"cheshire st, london, uk"
"208","Milroy Walk, South Bank, London, United Kingdom",-0.1062583,51.5078554,"milroy walk, south bank, london se1 9lw, uk"
"209","Putney Pier, Wandsworth, London, United Kingdom",-0.215499,51.467082,"putney pier, putney embankment, putney, london sw15 1lb, uk"
"210","St. Katharine's Way, Tower, London, United Kingdom",-0.072881,51.5064869,"st katharine's way, st katharine's & wapping, london e1w 1ld, uk"
"211","Pitfield Street North,Hoxton, London, United Kingdom",-0.0829112,51.5311952,"pitfield st, hoxton, london n1, uk"
"212","Triangle Car Park, Hyde Park, London, United Kingdom",-0.1657303,51.5072682,"hyde park, london, uk"
"213","Royal Avenue 2, Chelsea, London, United Kingdom",-0.1626304,51.4897882,"2 royal ave, chelsea, london sw3 4qf, uk"
"214","Shoreditch Court, Haggerston, London, United Kingdom",-0.0705683,51.5392316,"shoreditch court, london e8 4eu, uk"
"215","Duke Street Hill, London Bridge, London, United Kingdom",-0.0869699,51.5058532,"london bridge underground station, 21 duke st hill, london se1 2sw, london of freedom#8573311~!#, uk"
"216","Albert Gardens, Stepney, London, United Kingdom",-0.0472231,51.5128254,"albert gardens, commercial rd, ratcliff, london e1 0lh, uk"
"217","Abingdon Green, Westminster, London, United Kingdom",-0.125758,51.4983821,"abingdon st, westminster, london sw1p, uk"
"218","Battersea Church Road, Battersea, London, United Kingdom",-0.1738658,51.4774897,"battersea church rd, battersea, london sw11, uk"
"219","Monier Road, Hackney Wick, London, United Kingdom",-0.0241107,51.5391592,"monier rd, fish island, london e3, uk"
"220","New Spring Gardens Walk, Vauxhall, London, United Kingdom",-0.1226682,51.4877929,"new spring gardens walk, vauxhall, london se1, uk"
"221","Cadogan Gardens, Chelsea, London, United Kingdom",-0.1593135,51.4929775,"cadogan gardens, chelsea, london sw3, uk"
"222","Reardon Street, Wapping, London, United Kingdom",-0.0598237,51.5062117,"reardon st, st katharine's & wapping, london e1w, uk"
"223","Heath Road, Battersea, London, United Kingdom",-0.1467461,51.4685608,"heath rd, battersea, london sw8, uk"
"224","Nutford Place, Marylebone, London, United Kingdom",-0.1632017,51.5167956,"nutford pl, marylebone, london, uk"
"225","Wellington Street , Strand, London, United Kingdom",-0.1204612,51.5120692,"wellington st, west end, london, uk"
"226","Upper Bank Street, Canary Wharf, London, United Kingdom",-0.0168433,51.5054463,"upper bank st, canary wharf, london e14, uk"
"227","Great Suffolk Street, The Borough, London, United Kingdom",-0.1001292,51.5016367,"great suffolk st, london se1, uk"
"228","Silverthorne Road, Battersea, London, United Kingdom",-0.1469801,51.4714938,"silverthorne rd, battersea, london sw8, uk"
"229","Stockwell Roundabout, Stockwell, London, United Kingdom",-0.121858,51.47339,"stockwell terrace, stockwell, london sw4, uk"
"230","Tavistock Place, Bloomsbury, London, United Kingdom",-0.1255956,51.5256849,"tavistock pl, bloomsbury, london, uk"
"231","King Edward Street, St Pauls, London, United Kingdom",-0.0984316,51.5164281,"angel st, london ec1a 4as, uk"
"232","Usk Road, Clapham Junction, London, United Kingdom",-0.1690537,51.4636882,"clapham junction, st john's hill, battersea, london sw11 2qp, uk"
"233","Guilford Street , Bloomsbury, London, United Kingdom",-0.1212104,51.5231425,"guilford st, bloomsbury, london, uk"
"234","Riverlight South, Nine Elms, London, United Kingdom",-0.1379889,51.4815584,"nine elms ln, nine elms, london sw11 8eb, uk"
"235","Serpentine Car Park, Hyde Park, London, United Kingdom",-0.1657303,51.5072682,"hyde park, london, uk"
"236","William IV Street, Strand, London, United Kingdom",-0.1253798,51.5095007,"william iv st, charing cross, london, uk"
"237","Frith Street, Soho, London, United Kingdom",-0.1315833,51.5137213,"frith st, west end, london, uk"
"238","Aquatic Centre, Queen Elizabeth Olympic Park, London, United Kingdom",-0.010553,51.5401886,"london e20 2zq, uk"
"239","Kennington Road Post Office, Oval, London, United Kingdom",-0.1105788,51.4846021,"410 kennington rd, oval, london se11 4qa, uk"
"240","Wapping Lane, Wapping, London, United Kingdom",-0.0585753,51.5070903,"wapping ln, st katharine's & wapping, london e1w, uk"
"241","Risinghill Street, Angel, London, United Kingdom",-0.1122558,51.5332167,"risinghill st, the angel, london n1, uk"
"242","Notting Hill Gate Station, Notting Hill, London, United Kingdom",-0.1964511,51.5091109,"notting hill gate station, bayswater, london w11 3hs, uk"
"243","Lightermans Road, Millwall, London, United Kingdom",-0.0200965,51.4990106,"lighterman's rd, isle of dogs, london e14, uk"
"244","Northdown Street, King's Cross, London, United Kingdom",-0.1195532,51.5322991,"northdown st, london n1, uk"
"245","Killick Street, King's Cross, London, United Kingdom",-0.1185204,51.5328559,"killick st, london n1, uk"
"246","Harrington Square 2, Camden Town, London, United Kingdom",-0.1389029,51.5342706,"2 harrington square, kings cross, london nw1 2ja, uk"
"247","Albert Embankment, Vauxhall, London, United Kingdom",-0.1229711,51.4893421,"albert embankment, vauxhall, london, uk"
"248","Panton Street, West End, London, United Kingdom",-0.1316033,51.5095731,"panton st, west end, london sw1y, uk"
"249","Shadwell Station, Shadwell, London, United Kingdom",-0.0555656,51.5110582,"shadwell station (stand a), shadwell, london e1 0dd, uk"
"250","George Street, Marylebone, London, United Kingdom",-0.1577986,51.5170486,"george st, marylebone, london, uk"
"251","Saunders Ness Road, Cubitt Town, London, United Kingdom",-0.0055193,51.4890587,"saunders ness rd, isle of dogs, london e14, uk"
"252","Clapham Common North Side, Clapham Common, London, United Kingdom",-0.146387,51.4614356,"clapham common north side, clapham common, london, uk"
"253","Royal London Hospital, Whitechapel, London, United Kingdom",-0.0585176,51.5182221,"whitechapel rd, whitechapel, london e1 1fr, uk"
"254","Vicarage Crescent, Battersea, London, United Kingdom",-0.175382,51.4728072,"vicarage cres, battersea, london sw11, uk"
"255","Royal Avenue 1, Chelsea, London, United Kingdom",-0.1619582,51.4902057,"royal avenue house, 1 royal ave, chelsea, london sw3 4qd, uk"
"256","Charlbert Street, St. John's Wood, London, United Kingdom",-0.1679063,51.5341515,"charlbert st, st john's wood, london nw8, uk"
"257","Old Ford Road, Bethnal Green, London, United Kingdom",-0.0479176,51.5310603,"old ford rd, bethnal green, london, uk"
"258","Oval Way, Vauxhall, London, United Kingdom",-0.1167178,51.4859207,"oval way, vauxhall, london se11, uk"
"259","Hatton Wall, Holborn, London, United Kingdom",-0.1089011,51.5215807,"hatton wall, holborn, london ec1n, uk"
"260","Royal College Street, Camden Town, London, United Kingdom",-0.1391905,51.542747,"royal college st, camden town, london nw1, uk"
"261","Fire Brigade Pier, Vauxhall, London, United Kingdom",-0.1213465,51.492739,"8 albert embankment, prince's, london se1 7sd, uk"
"262","East Ferry Road, Cubitt Town, London, United Kingdom",-0.0144413,51.4935332,"e ferry rd, isle of dogs, london e14, uk"
"263","Ada Street, Hackney Central, London, United Kingdom",-0.0612323,51.5358119,"ada st, hackney, london e8, uk"
"264","Selby Street, Whitechapel, London, United Kingdom",-0.0631065,51.5219454,"selby st, london e1, uk"
"265","Saltoun Road, Brixton, London, United Kingdom",-0.1132589,51.4605809,"saltoun rd, coldharbour, london sw2, uk"
"266","Bell Street , Marylebone, London, United Kingdom",-0.1683522,51.5212494,"bell st, marylebone, london, uk"
"267","Twig Folly Bridge, Mile End, London, United Kingdom",-0.0431333,51.5305978,"twig folly cl, bethnal green, london e2, uk"
"268","Furze Green, Bow, London, United Kingdom",-0.0214512,51.5181268,"furze green, 12 furze st, london e3 3aq, uk"
"269","Holy Trinity Brompton, Knightsbridge, London, United Kingdom",-0.1698475,51.4978304,"brompton rd, knightsbridge, london sw7 1ja, uk"
"270","East Village, Queen Elizabeth Olympic Park, London, United Kingdom",-0.0165517,51.5432961,"queen elizabeth olympic park, london, uk"
"271","Old Brompton Road, South Kensington, London, United Kingdom",-0.1787112,51.4919027,"old brompton rd, south kensington, london, uk"
"272","Eel Brook Common, Walham Green, London, United Kingdom",-0.1951575,51.4768191,"eel brook common, new king's rd, fulham, london sw6 4pt, uk"
"273","Central House, Aldgate, London, United Kingdom",-0.0733828,51.5153016,"calcutta house, old castle st, london e1 7nt, uk"
"274","Cephas Street, Bethnal Green, London, United Kingdom",-0.0513723,51.5231993,"cephas st, bethnal green, london e1, uk"
"275","Portman Square, Marylebone, London, United Kingdom",-0.1558333,51.5161838,"portman square, marylebone, london w1h, uk"
"276","Stamford Street, South Bank, London, United Kingdom",-0.1100698,51.5062225,"stamford st, south bank, london se1, uk"
"277","Hertford Road, De Beauvoir Town, London, United Kingdom",-0.0792335,51.5373325,"hertford rd, de beauvoir town, london n1, uk"
"278","Shepherd's Bush Road North, Shepherd's Bush, London, United Kingdom",-0.2221288,51.5016,"shepherds bush rd, shepherd's bush, london, uk"
"279","Ram Street, Wandsworth, London, United Kingdom",-0.1921166,51.4578312,"ram st, wandsworth, london sw18, uk"
"280","Nevern Place, Earl's Court, London, United Kingdom",-0.1956099,51.49299,"nevern pl, earl's court, london sw5, uk"
"281","Lambeth Palace Road, Waterloo, London, United Kingdom",-0.1170158,51.4990979,"lambeth palace rd, waterloo, london se1, uk"
"282","Cleveland Gardens, Bayswater, London, United Kingdom",-0.1834119,51.5153749,"cleveland gardens, bayswater, london w2, uk"
"283","Haggerston Road, Haggerston, London, United Kingdom",-0.0729609,51.5385458,"haggerston rd, haggerston, london, uk"
"284","Great Titchfield Street, Fitzrovia, London, United Kingdom",-0.1408521,51.5191506,"great titchfield st, fitzrovia, london w1w, uk"
"285","Driffield Road, Old Ford, London, United Kingdom",-0.0365825,51.5328538,"driffield rd, bow, london e3, uk"
"286","Bridge Avenue, Hammersmith, London, United Kingdom",-0.229297,51.4919096,"bridge ave, hammersmith, london w6, uk"
"287","St. George's Square, Pimlico, London, United Kingdom",-0.1352228,51.4874966,"st.george's square, pimlico, london sw1v, uk"
"288","Queen's Gate (South), South Kensington, London, United Kingdom",-0.1792224,51.4968486,"queen's gate, south kensington, london sw7, uk"
"289","Prince Albert Road, The Regent's Park, London, United Kingdom",-0.1569694,51.5312705,"the regent's park, chester rd, london nw1 4nr, uk"
"290","Richmond Way, Shepherd's Bush, London, United Kingdom",-0.2175091,51.5023906,"richmond way, shepherd's bush, london, uk"
"291","Malmesbury Road, Bow, London, United Kingdom",-0.0270545,51.5295508,"malmesbury rd, bow, london e3, uk"
"292","St. Chad's Street, King's Cross, London, United Kingdom",-0.1229551,51.5292847,"st chad's st, kings cross, london wc1h, uk"
"293","Wandsworth Town Station, Wandsworth, London, United Kingdom",-0.1879193,51.4608399,"wandsworth, london sw18 1su, uk"
"294","Phene Street, Chelsea, London, United Kingdom",-0.1677231,51.4850111,"phene st, chelsea, london sw3, uk"
"295","Cleveland Way, Stepney, London, United Kingdom",-0.0526442,51.5216376,"cleveland way, stepney, london e1, uk"
"296","Stepney Green Station, Stepney, London, United Kingdom",-0.0466614,51.5219664,"stepney green, bethnal green, london e1 4dt, uk"
"297","Natural History Museum, South Kensington, London, United Kingdom",-0.1763672,51.496715,"cromwell rd, south kensington, london sw7 5bd, uk"
"298","Dorset Square, Marylebone, London, United Kingdom",-0.1610538,51.5225534,"dorset square, marylebone, london nw1, uk"
"299","Fulham Broadway, Walham Green, London, United Kingdom",-0.1944142,51.4802592,"fulham broadway, fulham rd, fulham, london sw6 1by, uk"
"300","Edgware Road Station, Marylebone, London, United Kingdom",-0.16859,51.5189796,"edgware rd, marylebone, london, uk"
"301","Coomer Place, West Kensington, London, United Kingdom",-0.2016653,51.4835972,"coomer pl, fulham, london sw6, uk"
"302","Shoreditch Park, Hoxton, London, United Kingdom",-0.0846923,51.5335211,"shoreditch park, 188 new n rd, hoxton, london n1 5ep, uk"
"303","Teviot Street, Poplar, London, United Kingdom",-0.0105503,51.5190913,"teviot st, poplar, london, uk"
"304","Parson's Green , Parson's Green, London, United Kingdom",-0.2002723,51.4747689,"parsons green, london sw6, uk"
"305","Battersea Power Station, Battersea Park, London, United Kingdom",-0.1418824,51.4795898,"77-87 battersea park rd, nine elms, london sw8 4du, uk"
"306","Bramham Gardens, Earl's Court, London, United Kingdom",-0.1903146,51.4910679,"bramham gardens, earl's court, london sw5, uk"
"307","Maclise Road, Olympia, London, United Kingdom",-0.2106163,51.4978631,"olympia way & maclise rd, hammersmith, london w14 0ne, uk"
"308","New North Road 2, Hoxton, London, United Kingdom",-0.0841875,51.5302772,"2 new n rd, hoxton, london n1, uk"
"309","Somerset House, Strand, London, United Kingdom",-0.117148,51.511059,"strand, london wc2r 1la, uk"
"310","Garnet Street, Shadwell, London, United Kingdom",-0.0550121,51.5077778,"garnet st, st katharine's & wapping, london e1w, uk"
"311","South Parade, Chelsea, London, United Kingdom",-0.1743057,51.4893747,"s parade, chelsea, london, uk"
"312","Wellington Row, Bethnal Green, London, United Kingdom",-0.0681837,51.5284005,"wellington row, london e2, uk"
"313","Old Quebec Street, Marylebone, London, United Kingdom",-0.1581132,51.5144094,"old quebec st, marylebone, london w1h, uk"
"314","Southampton Place, Holborn, London, United Kingdom",-0.1216595,51.517869,"southampton pl, holborn, london, uk"
"315","Graham Street, Angel, London, United Kingdom",-0.0981875,51.5311061,"graham st, the angel, london, uk"
"316","Ladbroke Grove Central, Ladbroke Grove, London, United Kingdom",-0.210156,51.5176239,"ladbroke grove, london, uk"
"317","William Morris Way, Sands End, London, United Kingdom",-0.1841613,51.469086,"william morris way, fulham, london sw6, uk"
"318","Cotton Garden Estate, Kennington, London, United Kingdom",-0.1074492,51.4903797,"cotton gardens estate, prince's, london se11 4hj, uk"
"319","Normandy Road, Stockwell, London, United Kingdom",-0.1117038,51.4736945,"normandy rd, vassal, london sw9, uk"
"320","Lancaster Gate , Bayswater, London, United Kingdom",-0.1802482,51.5115786,"lancaster gate, bayswater, london w2, uk"
"321","Montserrat Road , Putney, London, United Kingdom",-0.214035,51.4629004,"montserrat rd, putney, london sw15, uk"
"322","Cadogan Close, Victoria Park, London, United Kingdom",-0.038972,51.5365614,"victoria park, grove rd, london e3 5tb, uk"
"323","Eversholt Street , Camden Town, London, United Kingdom",-0.1350569,51.5312417,"eversholt st, london nw1, uk"
"324","Great Tower Street, Monument, London, United Kingdom",-0.085942,51.510143,"fish st hill, bridge, london ec3r 8ah, uk"
"325","Victory Place, Walworth, London, United Kingdom",-0.0922771,51.4926915,"victory pl, london se17, uk"
"326","Globe Town Market, Bethnal Green, London, United Kingdom",-0.0476529,51.5288043,"globe town market square, roman rd, globe town, london e2 0rn, uk"
"327","Watney Market, Stepney, London, United Kingdom",-0.0572866,51.5143489,"260 commercial rd, shadwell, london e1 2fb, uk"
"328","Woodstock Grove, Shepherd's Bush, London, United Kingdom",-0.2165838,51.5031287,"woodstock grove, shepherd's bush, london, uk"
"329","Great Marlborough Street, Soho, London, United Kingdom",-0.1385789,51.5144773,"great marlborough st, soho, london, uk"
"330","Lexham Gardens, Kensington, London, United Kingdom",-0.192479,51.4958745,"lexham gardens, kensington, london, uk"
"331","Sail Street, Vauxhall, London, United Kingdom",-0.1158876,51.494971,"sail st, bishop's, london se1, uk"
"332","Rodney Road , Walworth, London, United Kingdom",-0.0920267,51.491858,"rodney rd, walworth, london se17, uk"
"333","Warwick Road, Olympia, London, United Kingdom",-0.2022006,51.4936062,"181 -183 warwick rd, kensington, london w14 8pu, uk"
"334","Doric Way , Somers Town, London, United Kingdom",-0.131782,51.5290586,"doric way, somers town, london nw1, uk"
"335","Harcourt Terrace, West Brompton, London, United Kingdom",-0.1861755,51.4872457,"harcourt terrace, kensington, london sw10, uk"
"336","Wendon Street, Old Ford, London, United Kingdom",-0.0263755,51.5363303,"wendon st, bow, london e3, uk"
"337","Belvedere Road 2, South Bank, London, United Kingdom",-0.1180307,51.5019307,"2 belvedere rd, south bank, london se1, uk"
"338","Broadwick Street, Soho, London, United Kingdom",-0.1364658,51.5134097,"broadwick st, west end, london, uk"
"339","Birkenhead Street, King's Cross, London, United Kingdom",-0.1216246,51.5296276,"birkenhead st, kings cross, london, uk"
"340","Devons Road, Bow, London, United Kingdom",-0.0169594,51.5228799,"devons rd, bow, london e3, uk"
"341","Greycoat Street , Westminster, London, United Kingdom",-0.1345556,51.4952924,"greycoat st, westminster, london sw1p, uk"
"342","Chadwell Street, Angel, London, United Kingdom",-0.1064871,51.5304514,"chadwell st, the angel, london ec1r, uk"
"343","Westferry Circus, Canary Wharf, London, United Kingdom",-0.0271232,51.5060153,"westferry circus, canary wharf, london, uk"
"344","Queensbridge Road, Haggerston, London, United Kingdom",-0.0702926,51.5381517,"queensbridge rd, haggerston, london, uk"
"345","New Inn Yard, Shoreditch, London, United Kingdom",-0.0788878,51.5245213,"new inn yard, shoreditch, london ec2a, uk"
"346","Commercial Street, Shoreditch, London, United Kingdom",-0.0772112,51.5226122,"commercial st, shoreditch, london, uk"
"347","Bevington Road West, North Kensington, London, United Kingdom",-0.2076607,51.5208259,"bevington rd, london w10, uk"
"348","Sackville Street, Mayfair, London, United Kingdom",-0.1382476,51.5094884,"sackville st, mayfair, london, uk"
"349","Turquoise Island, Notting Hill, London, United Kingdom",-0.201326,51.5141886,"222 westbourne grove, greater, notting hill, london w11 2rh, uk"
"350","Finlay Street, Fulham, London, United Kingdom",-0.2181388,51.4756692,"finlay st, fulham, london sw6, uk"
"351","Plough Terrace, Clapham Junction, London, United Kingdom",-0.175132,51.461589,"plough terrace, battersea, london sw11, uk"
"352","Curlew Street, Shad Thames, London, United Kingdom",-0.0731091,51.5032772,"shad thames & curlew street, london se1, uk"
"353","Tower Gardens , Tower, London, United Kingdom",-0.125,51.4969444,"victoria tower gardens, millbank, westminster, london sw1p 3ja, uk"
"354","The Tennis Courts, The Regent's Park, London, United Kingdom",-0.153803,51.525577,"york bridge, inner cir, london nw1 4nu, uk"
"355","Wormwood Street, Liverpool Street, London, United Kingdom",-0.0821101,51.5158901,"wormwood street (stop w), cornhill, london ec2m 3xf, uk"
"356","Moorfields, Moorgate, London, United Kingdom",-0.0888,51.5188,"45 moorfields, moorgate, finsbury, london ec2y 9ae, uk"
"357","Jubilee Plaza, Canary Wharf, London, United Kingdom",-0.0225893,51.5035173,"jubilee, canary wharf, london, uk"
"358","Curzon Street, Mayfair, London, United Kingdom",-0.1479117,51.5067058,"curzon st, mayfair, london, uk"
"359","Lower Marsh, Waterloo, London, United Kingdom",-0.1125251,51.5009563,"lower marsh, south bank, london se1, uk"
"360","Drury Lane, Covent Garden, London, United Kingdom",-0.1211743,51.5141879,"drury ln, covent garden, london, uk"
"361","South Wharf Road, Paddington, London, United Kingdom",-0.1737822,51.5177733,"s wharf rd, paddington, london w2, uk"
"362","Pott Street, Bethnal Green, London, United Kingdom",-0.0573963,51.5265253,"pott st, london e2, uk"
"363","Jubilee Crescent, Cubitt Town, London, United Kingdom",-0.0080978,51.49331,"jubilee crescent, poplar, london e14 3hn, uk"
"364","Granby Street, Shoreditch, London, United Kingdom",-0.0694891,51.5251818,"granby st, london, uk"
"365","North Wharf Road, Paddington, London, United Kingdom",-0.1757428,51.518776,"n wharf rd, paddington, london w2, uk"
"366","Gower Place , Euston, London, United Kingdom",-0.1361136,51.5257161,"euston rd & n gower st, london nw1 2ng, uk"
"367","Holden Street, Battersea, London, United Kingdom",-0.1575537,51.4688616,"holden st, battersea, london sw11, uk"
"368","Orbel Street, Battersea, London, United Kingdom",-0.1707236,51.4744225,"orbel st, battersea, london sw11, uk"
"369","Napier Avenue, Millwall, London, United Kingdom",-0.0210897,51.4881209,"napier ave, isle of dogs, london, uk"
"370","Park Lane , Hyde Park, London, United Kingdom",-0.1657303,51.5072682,"hyde park, london, uk"
"371","Theobald's Road , Holborn, London, United Kingdom",-0.1174057,51.5204618,"theobalds rd, holborn, london, uk"
"372","Manresa Road, Chelsea, London, United Kingdom",-0.1714695,51.4875332,"manresa rd, chelsea, london sw3, uk"
"373","Humbolt Road, Fulham, London, United Kingdom",-0.2121723,51.4837932,"humbolt rd, fulham, london, uk"
"374","All Saints Church, Portobello, London, United Kingdom",-0.2029022,51.5165237,"6 clydesdale rd, notting hill, london w11 1je, uk"
"375","Crawford Street, Marylebone, London, United Kingdom",-0.1602749,51.5196692,"crawford st, marylebone, london, uk"
"376","Southwark Station 2, Southwark, London, United Kingdom",-0.1049685,51.503926,"southwark station, 68-70 blackfriars rd, south bank, london se1 8jz, uk"
"377","Drayton Gardens, West Chelsea, London, United Kingdom",-0.1811994,51.4886961,"drayton gardens, chelsea, london, uk"
"378","Irene Road, Parsons Green, London, United Kingdom",-0.1975043,51.474494,"irene rd, parsons green, london sw6, uk"
"379","Taviton Street, Bloomsbury, London, United Kingdom",-0.1313834,51.5253688,"taviton st, bloomsbury, london, uk"
"380","Parkway, Camden Town, London, United Kingdom",-0.1448756,51.5378168,"parkway, camden town, london nw1, uk"
"381","Fore Street, Guildhall, London, United Kingdom",-0.0910874,51.5157925,"basinghall st, london ec2v 7hh, uk"
"382","Addison Road, Holland Park, London, United Kingdom",-0.2130437,51.5063003,"addison pl, notting hill, london w11, uk"
"383","Chapel Place, Marylebone, London, United Kingdom",-0.1466884,51.5152163,"chapel pl, marylebone, london, uk"
"384","Hibbert Street, Battersea, London, United Kingdom",-0.1804198,51.4649039,"hibbert st, battersea, london sw11, uk"
"385","Prince Consort Road, Knightsbridge, London, United Kingdom",-0.1771635,51.4998661,"prince consort rd, knightsbridge, london sw7, uk"
"386","Wardour Street, Soho, London, United Kingdom",-0.133872,51.51329,"wardour st, soho, london, uk"
"387","Farm Street, Mayfair, London, United Kingdom",-0.1484325,51.5094194,"farm st, mayfair, london, uk"
"388","Fisherman's Walk West, Canary Wharf, London, United Kingdom",-0.0206436,51.5061481,"fishermans walk, canary wharf, london e14, uk"
"389","Lavington Street, Bankside, London, United Kingdom",-0.0983272,51.5049678,"20 lavington st, london se1 0nz, uk"
"390","Alfred Place, Bloomsbury, London, United Kingdom",-0.1326898,51.5200155,"alfred pl, bloomsbury, london w1t, uk"
"391","New Cavendish Street, Marylebone, London, United Kingdom",-0.1458118,51.5195873,"new cavendish st, marylebone, london, uk"
"392","Sheepcote Lane, Battersea, London, United Kingdom",-0.1609195,51.4703819,"sheepcote ln, battersea, london sw11, uk"
"393","Leonard Circus , Shoreditch, London, United Kingdom",-0.084062,51.5246711,"leonard circus, shoreditch, london ec2a, uk"
"394","Foley Street, Fitzrovia, London, United Kingdom",-0.1395279,51.5196215,"foley st, fitzrovia, london w1w, uk"
"395","Baker Street, Marylebone, London, United Kingdom",-0.1567595,51.5205217,"baker st, marylebone, london, uk"
"396","Museum of London, Barbican, London, United Kingdom",-0.0967782,51.5176183,"150 london wall, barbican, london ec2y 5hn, uk"
"397","Newton Street, Covent Garden, London, United Kingdom",-0.1213427,51.5165733,"newton st, holborn, london, uk"
"398","Arundel Street, Temple, London, United Kingdom",-0.1143676,51.5125289,"arundel st, temple, london, uk"
"399","South Park, Sands End, London, United Kingdom",-0.1949077,51.4693849,"south park, fulham, fulham, london sw6 3eb, uk"
"400","Concert Hall Approach 2, South Bank, London, United Kingdom",-0.115533,51.504942,"2 concert hall approach, south bank, london se1 8rl, uk"
"401","Harriet Street, Knightsbridge, London, United Kingdom",-0.1589862,51.5002767,"harriet st, knightsbridge, london, uk"
"402","Simpson Street, Clapham Junction, London, United Kingdom",-0.1711353,51.4708974,"simpson st, battersea, london sw11, uk"
"403","Paddington Green, Paddington, London, United Kingdom",-0.1740351,51.5209823,"paddington green, paddington, london w2, uk"
"404","Islington Green, Angel, London, United Kingdom",-0.1028448,51.5359664,"islington green, the angel, london n1, uk"
"405","Bishop's Avenue, Fulham, London, United Kingdom",-0.2152741,51.4727136,"bishop's ave, fulham, london sw6, uk"
"406","Wells Street, Fitzrovia, London, United Kingdom",-0.1380064,51.5173705,"wells st, fitzrovia, london, uk"
"407","Fore Street Avenue, Guildhall, London, United Kingdom",-0.0910874,51.5157925,"basinghall st, london ec2v 7hh, uk"
"408","Phillimore Gardens, Kensington, London, United Kingdom",-0.1988543,51.5009167,"phillimore gardens, kensington, london w8, uk"
"409","Bouverie Street, Temple, London, United Kingdom",-0.10796,51.513359,"bouverie st, temple, london ec4y, uk"
"410","Leman Street, Aldgate, London, United Kingdom",-0.0710256,51.5143901,"15/17 leman st, whitechapel, london e1 8en, uk"
"411","Gwendwr Road, West Kensington, London, United Kingdom",-0.2095426,51.4910333,"gwendwr rd, west kensington, london w14, uk"
"412","Devonshire Terrace, Bayswater, London, United Kingdom",-0.1804244,51.5141231,"devonshire terrace, bayswater, london w2, uk"
"413","Bishop's Bridge Road West, Bayswater, London, United Kingdom",-0.183329,51.5171981,"bishop's bridge rd, bayswater, london w2, uk"
"414","Prince of Wales Drive, Battersea Park, London, United Kingdom",-0.1564981,51.4791075,"battersea park, battersea, london sw11 4nj, uk"
"415","Queen Mother Sports Centre, Victoria, London, United Kingdom",-0.1404267,51.4936977,"223 vauxhall bridge rd, pimlico, london sw1v 1el, uk"
"416","Hatton Garden, Holborn, London, United Kingdom",-0.1083448,51.5200724,"hatton garden, holborn, london ec1n, uk"
"417","Newgate Street , St. Paul's, London, United Kingdom",-0.0983506,51.5138453,"st. paul's churchyard, london ec4m 8ad, uk"
"418","New Fetter Lane, Holborn, London, United Kingdom",-0.1080655,51.5166421,"new fetter ln, holborn, london, uk"
"419","Euston Road, Euston, London, United Kingdom",-0.1339,51.52814,"station, road, euston nw1 2ds, uk"
"420","Goswell Road (City Uni), Finsbury, London, United Kingdom",-0.1024624,51.5279719,"northampton square, clerkenwell, london ec1v 0hb, uk"
"421","Christopher Street, Liverpool Street, London, United Kingdom",-0.0850242,51.5204319,"52 wilson st, finsbury, london ec2a 2er, uk"
"422","St. John Street, Finsbury, London, United Kingdom",-0.1039001,51.5253498,"218 st john st, clerkenwell, london ec1v 4at, uk"
"423","Courland Grove, Wandsworth Road, London, United Kingdom",-0.1324144,51.4744356,"courland st & wandsworth rd, larkhall, london sw8 2js, uk"
"424","South Kensington Station, South Kensington, London, United Kingdom",-0.1747855,51.4944371,"south kensington station (stop e), south kensington, london sw7 2la, uk"
"425","Tallis Street, Temple, London, United Kingdom",-0.1072051,51.5118826,"tallis st, temple, london ec4y, uk"
"426","Embankment (Savoy), Strand, London, United Kingdom",-0.1210495,51.5104568,"strand, london wc2r 0ez, uk"
"427","Alma Road, Wandsworth, London, United Kingdom",-0.1861107,51.4593836,"alma rd, london sw18, uk"
"428","Beaumont Street, Marylebone, London, United Kingdom",-0.1507174,51.5212323,"beaumont st, marylebone, london w1u, uk"
"429","The Green Bridge, Mile End, London, United Kingdom",-0.0354043,51.5248642,"the green bridge, mile end, london e3 4pl, uk"
"430","Woodstock Street, Mayfair, London, United Kingdom",-0.1474029,51.514177,"woodstock st, mayfair, london, uk"
"431","Queen Street 2, Bank, London, United Kingdom",-0.093291,51.5113212,"floor 2, 36 queen st, london ec4r 1bn, uk"
"432","Merchant Street, Bow, London, United Kingdom",-0.0268469,51.5260509,"merchant st, bow, london e3, uk"
"433","Golden Square, Soho, London, United Kingdom",-0.1375283,51.5115104,"golden square, west end, london, uk"
"434","Osiers Road, Wandsworth, London, United Kingdom",-0.1982143,51.4615588,"osiers rd, london sw18, uk"
"435","Albert Square, Stockwell, London, United Kingdom",-0.1191557,51.4770415,"albert square, stockwell, london sw8, uk"
"436","Exhibition Road Museums, South Kensington, London, United Kingdom",-0.1741904,51.4986345,"exhibition rd, south kensington, london sw7, uk"
"437","Hoxton Street, Hoxton, London, United Kingdom",-0.0801892,51.5308676,"hoxton st, hoxton, london, uk"
"438","Hammersmith Road, Hammersmith, London, United Kingdom",-0.2158343,51.4936403,"hammersmith rd, hammersmith, london, uk"
"439","Liverpool Road (N1 Centre), Angel, London, United Kingdom",-0.1061867,51.5341902,"21 parkfield st, islington, london n1 0ps, uk"
"440","Star Road, West Kensington, London, United Kingdom",-0.2061861,51.4871594,"star rd, west kensington, london w14, uk"
"441","Preston's Road, Cubitt Town, London, United Kingdom",-0.0076849,51.5041459,"preston's rd, london e14, uk"
"442","Tysoe Street, Clerkenwell, London, United Kingdom",-0.1088546,51.5265889,"tysoe st, farringdon, london, uk"
"443","Belgrave Square, Belgravia, London, United Kingdom",-0.152791,51.4985756,"belgrave square, belgravia, london sw1x, uk"
"444","Whiston Road, Haggerston, London, United Kingdom",-0.0700985,51.5350054,"whiston rd, london, uk"
"445","Smith Square, Westminster, London, United Kingdom",-0.1269987,51.4957011,"smith square, westminster, london sw1p, uk"
"446","Westferry DLR, Limehouse, London, United Kingdom",-0.02672,51.50943,"westferry dlr station, poplar, london e14, uk"
"447","Upper Richmond Road, Putney, London, United Kingdom",-0.2174817,51.4609858,"upper richmond rd, putney, london sw15, uk"
"448","Gloucester Avenue, Camden Town, London, United Kingdom",-0.1504377,51.5400148,"gloucester ave, camden town, london nw1, uk"
"449","Collingham Gardens, Earl's Court, London, United Kingdom",-0.1872443,51.4922144,"collingham gardens, earl's court, london sw5, uk"
"450","Kennington Road  , Vauxhall, London, United Kingdom",-0.1112445,51.4886945,"kennington rd, vauxhall, london, uk"
"451","Tooley Street, Bermondsey, London, United Kingdom",-0.0772673,51.5022194,"tooley st, bermondsey, london se1, uk"
"452","Hewison Street, Old Ford, London, United Kingdom",-0.0271964,51.5325185,"hewison st, bow, london e3, uk"
"453","Spencer Park, Wandsworth Common, London, United Kingdom",-0.174778,51.4572826,"wandsworth common, spencer park, london sw18, uk"
"454","Parsons Green Station, Parsons Green, London, United Kingdom",-0.201252,51.475048,"parsons green station, parsons green ln, fulham, london sw6 4hs, uk"
"455","Rifle Place, Avondale, London, United Kingdom",-0.2166527,51.509022,"rifle pl, notting hill, london w11, uk"
"456","West Smithfield Rotunda, Farringdon, London, United Kingdom",-0.1031032,51.5182569,"w smithfield, farringdon, london, uk"
"457","Borough Road, Elephant & Castle, London, United Kingdom",-0.1005983,51.499018,"borough rd, london se1, uk"
"458","Macclesfield Rd, St Lukes, London, United Kingdom",-0.0966528,51.5287085,"macclesfield rd, london ec1v, uk"
"459","Bath Street, St. Luke's, London, United Kingdom",-0.0911521,51.5267761,"bath st, london ec1v, uk"
"460","Frampton Street, Paddington, London, United Kingdom",-0.1730228,51.5246859,"frampton st, london, uk"
"461","Kensington Church Street, Kensington, London, United Kingdom",-0.1940892,51.5055104,"kensington church st, london, uk"
"462","Chelsea Green, Chelsea, London, United Kingdom",-0.1661007,51.4908377,"2 elystan st, chelsea, london sw3 3ns, uk"
"463","Breams Buildings, Holborn, London, United Kingdom",-0.1104499,51.5160725,"bream's buildings, holborn, london, uk"
"464","Denyer Street, Knightsbridge, London, United Kingdom",-0.1653479,51.4933793,"denyer st, chelsea, london sw3, uk"
"465","Euston Square Gardens, Euston, London, United Kingdom",-0.1307808,51.5272888,"euston rd & euston square, london nw1 2bh, uk"
"466","New Globe Walk, Bankside, London, United Kingdom",-0.0962925,51.5083239,"new globe walk & bankside, london se1 9dt, uk"
"467","Abbotsbury Road, Holland Park, London, United Kingdom",-0.2082162,51.5047598,"holland park & abbotsbury rd, kensington, london w11 3ry, uk"
"468","Kings Gate House, Westminster, London, United Kingdom",-0.137598,51.497698,"kings gate house, westminster, westminster, london sw1e 6sd, uk"
"469","Gloucester Road (North), Kensington, London, United Kingdom",-0.1829272,51.4952605,"gloucester rd, south kensington, london, uk"
"470","Eccleston Place, Victoria, London, United Kingdom",-0.1475101,51.494364,"eccleston pl, victoria, london sw1w, uk"
"471","Sloane Avenue, Knightsbridge, London, United Kingdom",-0.1589768,51.4971983,"sloane st, london, uk"
"472","Ossulston Street, Somers Town, London, United Kingdom",-0.1304258,51.5315115,"ossulston st, somers town, london nw1, uk"
"473","Greenland Road, Camden Town, London, United Kingdom",-0.1409831,51.5393047,"greenland rd, camden town, london nw1, uk"
"474","St Martins Close, Camden Town, London, United Kingdom",-0.1383009,51.5386917,"st martins cl, camden town, london nw1, uk"
"475","Rochester Row, Westminster, London, United Kingdom",-0.1367983,51.4942081,"rochester row, westminster, london, uk"
"476","Rampayne Street, Pimlico, London, United Kingdom",-0.1334864,51.4896392,"rampayne st, pimlico, london sw1v, uk"
"477","Upper Grosvenor Street, Mayfair, London, United Kingdom",-0.1543829,51.5103558,"upper grosvenor st, mayfair, london, uk"
"478","Westminster University, Marylebone, London, United Kingdom",-0.1549735,51.5223523,"35 marylebone rd, marylebone, london nw1 5ls, uk"
"479","Ferndale Road, Brixton. , London, United Kingdom",-0.1220255,51.4627695,"ferndale rd, ferndale, london, uk"
"480","Sopwith Way, Battersea Park, London, United Kingdom",-0.1564981,51.4791075,"battersea park, battersea, london sw11 4nj, uk"
"481","Braham Street, Aldgate, London, United Kingdom",-0.0717952,51.5143378,"1 braham st, whitechapel, london e1 8ep, uk"
"482","Charlotte Street, Fitzrovia, London, United Kingdom",-0.1361136,51.5189884,"charlotte pl, fitzrovia, london w1t, uk"
"483","Dorothy Road, Clapham Junction, London, United Kingdom",-0.1690537,51.4636882,"clapham junction, st john's hill, battersea, london sw11 2qp, uk"
"484","Oxford Road, Putney, London, United Kingdom",-0.212071,51.4616335,"oxford rd, putney, london sw15, uk"
"485","Sumner Place, South Kensington, London, United Kingdom",-0.1748406,51.4922906,"sumner pl, south kensington, london, uk"
"486","Barons Court Station, West Kensington, London, United Kingdom",-0.213467,51.4903046,"barons court station, hammersmith, london w14 9ea, uk"
"487","Kennington Station, Kennington, London, United Kingdom",-0.105614,51.4882737,"kennington, london se11 4jq, uk"
"488","Pritchard's Road, Bethnal Green, London, United Kingdom",-0.0623749,51.5338845,"pritchard's rd, london e2, uk"
"489","Crinan Street, King's Cross, London, United Kingdom",-0.1216643,51.5340971,"crinan st, kings cross, london n1c, uk"
"490","Jubilee Street, Stepney, London, United Kingdom",-0.0529729,51.517158,"jubilee st, stepney green, london e1, uk"
"491","Grant Road East, Clapham Junction, London, United Kingdom",-0.1709047,51.4654314,"clapham junction grant road (stop r), battersea, london sw11 2nu, uk"
"492","Regency Street, Westminster, London, United Kingdom",-0.1322569,51.4923495,"regency st, westminster, london, uk"
"493","Felsham Road, Putney, London, United Kingdom",-0.2203147,51.4661342,"felsham rd, putney, london sw15, uk"
"494","Putney Bridge Station, Fulham, London, United Kingdom",-0.2097248,51.4678669,"putney bridge underground station, fulham, london sw6 3uh, uk"
"495","Jubilee Gardens, South Bank, London, United Kingdom",-0.1183974,51.5039786,"jubilee gardens, belvedere rd, south bank, london se1 7pg, uk"
"496","Claremont Square, Angel, London, United Kingdom",-0.1105609,51.5307648,"claremont square, the angel, london, uk"
"497","Lambeth Road, Vauxhall, London, United Kingdom",-0.1232035,51.4835944,"s lambeth rd, vauxhall, london, uk"
"498","Doddington Grove, Kennington, London, United Kingdom",-0.1048228,51.4851365,"doddington grove, london, uk"
"499","Tavistock Street, Covent Garden, London, United Kingdom",-0.1205197,51.5120986,"tavistock st, west end, london, uk"
"500","York Hall, Bethnal Green, London, United Kingdom",-0.055257,51.5296851,"5 old ford rd, london e2 9pj, uk"
"501","Grove End Road, St. John's Wood, London, United Kingdom",-0.1767,51.5310445,"grove end rd, st john's wood, london nw8, uk"
"502","Burdett Road, Mile End, London, United Kingdom",-0.0333874,51.5213854,"burdett rd, mile end, london, uk"
"503","Southampton Street, Strand, London, United Kingdom",-0.1221908,51.5110989,"southampton st, west end, london wc2e, uk"
"504","Jewry Street, Aldgate, London, United Kingdom",-0.0767688,51.5135659,"aldgate & jewry street, london ec3n 1lh, uk"
"505","Portland Place, Marylebone, London, United Kingdom",-0.1449157,51.5203055,"portland pl, marylebone, london, uk"
"506","Tyers Gate, Bermondsey, London, United Kingdom",-0.0828592,51.5009687,"tyers gate, bermondsey, london se1, uk"
"507","Alpha Grove, Millwall, London, United Kingdom",-0.0229923,51.4996602,"alpha grove, millwall, london e14, uk"
"508","Farringdon Lane, Clerkenwell, London, United Kingdom",-0.1073094,51.5230557,"farringdon ln, clerkenwell, london ec1r, uk"
"509","Borough High Street, The Borough, London, United Kingdom",-0.0915216,51.5034702,"borough high st, london se1, uk"
"510","LMU Commercial Road, Whitechapel, London, United Kingdom",-0.065908,51.514845,"london metropolitan university, whitechapel, london e1 1nz, uk"
"511","Percival Street, Finsbury, London, United Kingdom",-0.102272,51.5260865,"percival st, london, uk"
"512","Black Prince Road, Vauxhall, London, United Kingdom",-0.1161613,51.4906305,"black prince rd, vauxhall, london, uk"
"513","Bonny Street, Camden Town, London, United Kingdom",-0.1397665,51.5417333,"bonny st, camden town, london nw1, uk"
"514","Waterloo Place, St. James's, London, United Kingdom",-0.1323652,51.5072053,"waterloo pl, st. james's, london sw1y, uk"
"515","Devonshire Square, Liverpool Street, London, United Kingdom",-0.077983,51.5168294,"7th floor, 6 devonshire square, spitalfields, london ec2m 4ye, uk"
"516","Crabtree Lane, Fulham, London, United Kingdom",-0.2211725,51.4822866,"crabtree ln, fulham, london, uk"
"517","Harrowby Street, Marylebone, London, United Kingdom",-0.1641941,51.5173804,"harrowby st, marylebone, london, uk"
"518","Manbre Road, Hammersmith, London, United Kingdom",-0.2241099,51.4864272,"manbre rd, hammersmith, london w6, uk"
"519","Wren Street, Holborn, London, United Kingdom",-0.1155054,51.5253337,"wren st, holborn, london, uk"
"520","St. Martin's Street, West End, London, United Kingdom",-0.1299476,51.5094883,"st martin's st, west end, london, uk"
"521","Clarkson Street, Bethnal Green, London, United Kingdom",-0.0590988,51.5292586,"clarkson st, london e2, uk"
"522","Lansdowne Walk, Ladbroke Grove, London, United Kingdom",-0.2044328,51.5096568,"ladbroke grove & lansdowne walk, notting hill, london w11 3lt, uk"
"523","Aberdeen Place, St. John's Wood, London, United Kingdom",-0.1757183,51.5252159,"aberdeen pl, st john's wood, london, uk"
"524","Cloudesley Road, Angel, London, United Kingdom",-0.1097635,51.536861,"cloudesley rd, the angel, london n1, uk"
"525","Aston Street, Stepney, London, United Kingdom",-0.0386366,51.5161712,"aston st, london, uk"
"526","Red Lion Street, Holborn, London, United Kingdom",-0.1170109,51.519178,"red lion st, holborn, london, uk"
"527","Hampton Street, Walworth, London, United Kingdom",-0.0999598,51.4919582,"hampton st, walworth, london, uk"
"528","Russell Square Station, Bloomsbury, London, United Kingdom",-0.1243155,51.5230848,"russell square station, bernard st, bloomsbury, london wc1n 1lj, uk"
"529","Millennium Hotel, Mayfair, London, United Kingdom",-0.1601117,51.4998961,"17 sloane st, knightsbridge, london sw1x 9nu, uk"
"530","Rathbone Street, Fitzrovia, London, United Kingdom",-0.1353315,51.5183306,"rathbone st, fitzrovia, london w1t, uk"
"531","Rossmore Road, Marylebone, London, United Kingdom",-0.1646482,51.5250652,"rossmore rd, marylebone, london, uk"
"532","Finsbury Circus, Liverpool Street, London, United Kingdom",-0.0864333,51.5178582,"finsbury circus gardens, finsbury circus, london ec2m 7dt, uk"
"533","Butler Place, Westminster, London, United Kingdom",-0.1354039,51.497948,"butler pl, westminster, london sw1e, uk"
"534","Ebury Bridge, Pimlico, London, United Kingdom",-0.148991,51.4904306,"ebury bridge, pimlico, london sw1w, uk"
"535","Canton Street, Poplar, London, United Kingdom",-0.022955,51.5123255,"canton st, poplar, london e14, uk"
"536","Clarence Walk, Stockwell, London, United Kingdom",-0.1266554,51.47105,"clarence walk, stockwell, london sw4, uk"
"537","Wellington Road, St. John's Wood, London, United Kingdom",-0.1708626,51.5315803,"wellington rd, st john's wood, london, uk"
"538","Sea Containers, South Bank, London, United Kingdom",-0.1066685,51.5081424,"sea containers house, south bank, london se1, uk"
"539","Lots Road, West Chelsea, London, United Kingdom",-0.1814028,51.4783238,"lots rd, chelsea, london, uk"
"540","Ackroyd Drive, Bow, London, United Kingdom",-0.028274,51.519493,"ackroyd dr, london e3, uk"
"541","Arlington Road, Camden Town, London, United Kingdom",-0.1444946,51.5391558,"arlington rd, camden town, london nw1, uk"
"542","Surrey Lane, Battersea, London, United Kingdom",-0.1688285,51.4749151,"surrey ln, battersea, london sw11, uk"
"543","Chesilton Road, Fulham, London, United Kingdom",-0.2063601,51.4764708,"chesilton rd, fulham, london sw6, uk"
"544","Union Grove, Wandsworth Road, London, United Kingdom",-0.1333067,51.473615,"union grove & wandsworth rd, larkhall, london sw8 2jp, uk"
"545","Hansard Mews, Holland Park, London, United Kingdom",-0.2157286,51.503241,"hansard mews, holland park, london, uk"
"546","Westbourne Park Road, Portobello, London, United Kingdom",-0.2056568,51.5167953,"portobello rd & westbourne park rd, notting hill, london w11 1ef, uk"
"547","Culvert Road, Battersea, London, United Kingdom",-0.1585547,51.4715044,"culvert rd, battersea, london sw11, uk"
"548","Eaton Square (South), Belgravia, London, United Kingdom",-0.1523185,51.4960811,"eaton square, belgravia, london, uk"
"549","Maida Vale, Maida Vale, London, United Kingdom",-0.1860307,51.5299092,"maida vale, london, uk"
"550","Southwick Street, Paddington, London, United Kingdom",-0.1701845,51.5165758,"southwick st, paddington, london w2, uk"
"551","Green Street, Mayfair, London, United Kingdom",-0.1554331,51.5126127,"green st, mayfair, london, uk"
"552","Gunmakers Lane, Old Ford, London, United Kingdom",-0.0338306,51.535351,"gunmakers ln, bow, london, uk"
"553","New Road 1 , Whitechapel, London, United Kingdom",-0.0619389,51.5150093,"1 new rd, whitechapel, london e1 1px, uk"
"554","Lindfield Street, Poplar, London, United Kingdom",-0.0225076,51.5137931,"lindfield st, poplar, london e14, uk"
"555","George Place Mews, Marylebone, London, United Kingdom",-0.1577986,51.5170486,"george st, london, uk"
"556","Eaton Square, Belgravia, London, United Kingdom",-0.1523185,51.4960811,"eaton square, belgravia, london, uk"
"557","Sadlers Sports Centre, Finsbury, London, United Kingdom",-0.0954595,51.5259099,"norman st, london ec1v 3pu, uk"
"558","Pembridge Villas, Notting Hill, London, United Kingdom",-0.197146,51.5133342,"pembridge villas, notting hill, london w11, uk"
"559","Gloucester Terrace, Bayswater, London, United Kingdom",-0.1790038,51.5141754,"gloucester terrace, bayswater, london w2, uk"
"560","Longford Street, The Regent's Park, London, United Kingdom",-0.1429381,51.5256833,"longford st, london nw1, uk"
"561","Stephendale Road, Sands End, London, United Kingdom",-0.187213,51.471079,"135-137 stephendale rd, fulham, london sw6 2pr, uk"
"562","Abingdon Villas, Kensington, London, United Kingdom",-0.1948572,51.4979452,"abingdon villas, kensington, london w8, uk"
"563","Ontario Street, Elephant & Castle, London, United Kingdom",-0.100917,51.4972121,"ontario st, elephant and castle, london se1, uk"
"564","Guildhouse Street, Victoria, London, United Kingdom",-0.1418128,51.492689,"guildhouse st, pimlico, london sw1v, uk"
"565","Godliman Street, St. Paul's, London, United Kingdom",-0.0983506,51.5138453,"st. paul's churchyard, london ec4m 8ad, uk"
"566","Ford Road, Old Ford, London, United Kingdom",-0.0330491,51.5324375,"ford rd, bow, london e3, uk"
"567","Alderney Street, Pimlico, London, United Kingdom",-0.1433932,51.4893669,"alderney st, pimlico, london, uk"
"568","Battersea Park Road, Nine Elms, London, United Kingdom",-0.1444334,51.4785495,"battersea park rd, nine elms, london, uk"
"569","Abyssinia Close, Clapham Junction, London, United Kingdom",-0.1673067,51.4602624,"abyssinia cl, london sw11 1nx, uk"
"570","South Audley Street, Mayfair, London, United Kingdom",-0.1513367,51.508603,"s audley st, mayfair, london w1k, uk"
"571","St. Mary Axe, Aldgate, London, United Kingdom",-0.0803065,51.5144918,"30 st mary axe, london ec3a 8bf, uk"
"572","Watney Street, Shadwell, London, United Kingdom",-0.0566385,51.5120434,"watney st, shadwell, london e1, uk"
"573","Great Russell Street, Bloomsbury, London, United Kingdom",-0.1271087,51.5179223,"great russell st, bloomsbury, london, uk"
"574","Scala Street, Fitzrovia, London, United Kingdom",-0.1357463,51.5199967,"scala st, bloomsbury, london w1t, uk"
"575","Gas Holders, Battersea Park, London, United Kingdom",-0.1281322,51.5370186,"gasholder park, kings cross, london n1c 4ab, uk"
"576","Grenfell Road, Avondale, London, United Kingdom",-0.2150599,51.5131152,"grenfell rd, notting hill, london w11, uk"
"577","Concert Hall Approach 1, South Bank, London, United Kingdom",-0.1152803,51.5048545,"concert hall approach, south bank, london se1, uk"
"578","Lambeth North Station, Waterloo, London, United Kingdom",-0.1121086,51.4989177,"lambeth north station, 110 westminster bridge rd, south bank, london se1 7xg, uk"
"579","Vincent Square, Westminster, London, United Kingdom",-0.1345198,51.4941866,"vincent square, westminster, london, uk"
"580","Marloes Road, Kensington, London, United Kingdom",-0.1922855,51.4966374,"marloes rd, kensington, london, uk"
"581","Vereker Road, West Kensington, London, United Kingdom",-0.2086718,51.4885087,"vereker rd, west kensington, london w14, uk"
"582","Gloucester Road (Central), South Kensington, London, United Kingdom",-0.1829272,51.4952605,"gloucester rd, south kensington, london, uk"
"583","Gaywood  Street, Elephant & Castle, London, United Kingdom",-0.1031401,51.4961868,"gaywood st, elephant and castle, london, uk"
"584","Westminster Bridge Road, Elephant & Castle, London, United Kingdom",-0.1141971,51.4997422,"westminster bridge rd, london, uk"
"585","Page Street, Westminster, London, United Kingdom",-0.129421,51.4939427,"page st, westminster, london sw1p, uk"
"586","Brook Green South, Brook Green, London, United Kingdom",-0.2188279,51.4955965,"brook green, hammersmith, london w6, uk"
"587","Kingsway Southbound, Strand, London, United Kingdom",-0.1188796,51.5154291,"kingsway, holborn, london, uk"
"588","The Vale, Chelsea, London, United Kingdom",-0.1755772,51.4856524,"the vale, chelsea, london sw3, uk"
"589","Putney Bridge Road, East Putney, London, United Kingdom",-0.2055491,51.4618534,"putney bridge rd, putney, london, uk"
"590","Aintree Street, Fulham, London, United Kingdom",-0.2109884,51.4805904,"aintree st, fulham, london sw6, uk"
"591","Greenberry Street, St.John's Wood, London, United Kingdom",-0.1682839,51.5322846,"greenberry st, st john's wood, london nw8, uk"
"592","Fournier Street, Whitechapel, London, United Kingdom",-0.0725766,51.5192823,"fournier st, whitechapel, london e1, uk"
"593","Castlehaven Road, Camden Town, London, United Kingdom",-0.1442022,51.5432594,"castlehaven rd, camden town, london, uk"
"594","Lisson Grove, St. John's Wood, London, United Kingdom",-0.1683147,51.5247788,"lisson grove, st john's wood, london, uk"
"595","Tachbrook Street, Victoria, London, United Kingdom",-0.1365406,51.4902588,"tachbrook st, victoria, london sw1v, uk"
"596","Park Road (Baker Street), The Regent's Park, London, United Kingdom",-0.1584734,51.5242262,"baker st & park rd, marylebone, london nw1 5lf, uk"
"597","London Zoo Car Park, The Regent's Park, London, United Kingdom",-0.1569694,51.5312705,"the regent's park, chester rd, london nw1 4nr, uk"
"598","Vauxhall Street, Vauxhall, London, United Kingdom",-0.1170823,51.4881265,"vauxhall st, vauxhall, london se11, uk"
"599","Bradmead, Battersea Park, London, United Kingdom",-0.1564981,51.4791075,"battersea park, battersea, london sw11 4nj, uk"
"600","Bruton Street, Mayfair, London, United Kingdom",-0.1445851,51.5105846,"bruton st, mayfair, london w1j, uk"
"601","London Zoo,  The Regent's Park, London, United Kingdom",-0.1558805,51.5365572,"london zoo waterbus stop, london nw1 4ry, uk"
"602","Ingrave Street, Clapham Junction, London, United Kingdom",-0.1708113,51.4651737,"clapham junction, clapham junction, london sw11, uk"
"603","Chepstow Villas, Notting Hill, London, United Kingdom",-0.1992947,51.5132322,"chepstow villas, notting hill, london w11, uk"
"604","Fulham Park Road, Fulham, London, United Kingdom",-0.2073425,51.472581,"fulham park rd, fulham, london sw6, uk"
"605","Northumberland Avenue, Strand, London, United Kingdom",-0.1249472,51.5069825,"northumberland ave, london, uk"
"606","Ormonde Gate, Chelsea, London, United Kingdom",-0.1615009,51.4869247,"ormonde gate, chelsea, london sw3, uk"
"607","Hampstead Road, Euston, London, United Kingdom",-0.1381128,51.525232,"euston rd & hampstead rd, london nw1 2pg, uk"
"608","West Kensington Station, West Kensington, London, United Kingdom",-0.2064539,51.4905646,"west kensington, north end rd, west kensington, london w14 9nl, uk"
"609","Bishop's Bridge Road East, Bayswater, London, United Kingdom",-0.183329,51.5171981,"bishop's bridge rd, bayswater, london w2, uk"
"610","Houghton Street, Strand, London, United Kingdom",-0.1167074,51.5136868,"houghton st, holborn, london wc2b 4rr, uk"
"611","Erin Close, Walham Green, London, United Kingdom",-0.195793,51.479583,"erin cl, fulham, london sw6, uk"
"612","East Road, Hoxton, London, United Kingdom",-0.0874032,51.5290446,"east rd, hoxton, london, uk"
"613","Walworth Road, Elephant & Castle, London, United Kingdom",-0.0962758,51.4892277,"walworth rd, london, uk"
"614","Paddington Green Police Station, Paddington, London, United Kingdom",-0.1712411,51.5202589,"4 harrow rd, paddington, london w2 1xj, uk"
"615","Sardinia Street, Holborn, London, United Kingdom",-0.1180739,51.5151024,"sardinia st, holborn, london wc2b, uk"
"616","Columbia Road, Shoreditch, London, United Kingdom",-0.0714422,51.528436,"columbia rd, london e2, uk"
"617","Montpelier Street, Knightsbridge, London, United Kingdom",-0.1658037,51.499344,"montpelier st, knightsbridge, london sw7, uk"
"618","King Edward Walk, Waterloo, London, United Kingdom",-0.1099497,51.497539,"king edward walk, south bank, london se1, uk"
"619","Rainville Road, Hammersmith, London, United Kingdom",-0.2236385,51.4833257,"rainville rd, hammersmith, london, uk"
"620","Brick Lane Market, Shoreditch, London, United Kingdom",-0.0718589,51.5212173,"brick ln, spitalfields, london e1 6qr, uk"
"621","Blackfriars Road, Southwark, London, United Kingdom",-0.1045305,51.5034713,"blackfriars rd, london se1, uk"
"622","Strand, Strand, London, United Kingdom",-0.1193447,51.5112079,"strand, london, uk"
"623","Paddington Street, Marylebone, London, United Kingdom",-0.1539376,51.5206671,"paddington st, marylebone, london w1u, uk"
"624","Hyde Park Corner, Hyde Park, London, United Kingdom",-0.1593661,51.5118942,"hyde park, london w2 2eu, uk"
"625","Thurtle road, Haggerston, London, United Kingdom",-0.0715939,51.5337145,"thurtle rd, london e2, uk"
"626","Sancroft Street, Vauxhall, London, United Kingdom",-0.1142587,51.4892431,"sancroft st, vauxhall, london se11, uk"
"627","Pindar Street, Liverpool Street, London, United Kingdom",-0.0814374,51.5187516,"liverpool street station, liverpool st, london ec2m 7py, uk"
"628","Smugglers Way, Wandsworth, London, United Kingdom",-0.1905076,51.4620742,"smugglers way, london sw18, uk"
"629","Chrisp Street Market, Poplar, London, United Kingdom",-0.0147672,51.5124103,"market square, poplar, london e14 6aq, uk"
"630","Belford House, Haggerston, London, United Kingdom",-0.0705556,51.5367346,"belford house, haggerston, london e8 4jh, uk"
"631","Bow Church Station, Bow, London, United Kingdom",-0.0208884,51.5277917,"bow church, bow, london e3 4ds, uk"
"632","Evesham Street, Avondale, London, United Kingdom",-0.2184943,51.5110801,"evesham st, notting hill, london, uk"
"633","Flood Street, Chelsea, London, United Kingdom",-0.1653626,51.4862274,"flood st, chelsea, london sw3, uk"
"634","Bow Road Station, Bow, London, United Kingdom",-0.0247607,51.5269601,"bow road station, bow rd, bow, london e3 4dh, uk"
"635","Hurlingham Park, Parsons Green, London, United Kingdom",-0.2014554,51.4689986,"hurlingham park, 17 broomhouse ln, fulham, london sw6 3dp, uk"
"636","Harper Road, The Borough, London, United Kingdom",-0.0941382,51.4969533,"harper rd, london, uk"
"637","Falkirk Street, Hoxton, London, United Kingdom",-0.0786191,51.5307813,"falkirk st, hoxton, london n1, uk"
"638","Coram Street, Bloomsbury, London, United Kingdom",-0.1258066,51.5241248,"coram st, bloomsbury, london, uk"
"639","Nantes Close, Wandsworth, London, United Kingdom",-0.1812248,51.4618755,"nantes cl, battersea, london sw18, uk"
"640","Kingsway, Covent Garden, London, United Kingdom",-0.1188796,51.5154291,"kingsway, holborn, london, uk"
"641","York Way, Kings Cross, London, United Kingdom",-0.1222979,51.5355429,"york way, kings cross, london, uk"
"642","Houndsditch, Aldgate, London, United Kingdom",-0.0771695,51.5154903,"11 white kennett st, london e1 7bs, uk"
"643","Russell Gardens, Olympia, London, United Kingdom",-0.2114157,51.5000883,"russell gardens, kensington, london w14 8ez, uk"
"644","Westfield Ariel Way, White City, London, United Kingdom",-0.2212054,51.5075725,"ariel way, shepherd's bush, london w12 7gf, uk"
"645","Bury Place, Holborn, London, United Kingdom",-0.1239011,51.518036,"bury pl, holborn, london, uk"
"646","Hammersmith Town Hall, Hammersmith, London, United Kingdom",-0.2339205,51.4925465,"king st, hammersmith, london w6 9ju, uk"
"647","Elysium Place, Fulham, London, United Kingdom",-0.2071764,51.4713576,"elysium pl, fulham, london sw6, uk"
"648","Mexfield Road, East Putney, London, United Kingdom",-0.2028562,51.4575471,"mexfield rd s w, putney, london sw15, uk"
"649","Limburg Road, Clapham Junction, London, United Kingdom",-0.1690537,51.4636882,"clapham junction, st john's hill, battersea, london sw11 2qp, uk"
"650","Hollybush Gardens, Bethnal Green, London, United Kingdom",-0.057001,51.5285176,"hollybush gardens, london e2, uk"
"651","Hinde Street, Marylebone, London, United Kingdom",-0.1513269,51.5169382,"hinde st, marylebone, london, uk"
"652","Salmon Lane, Limehouse, London, United Kingdom",-0.036037,51.514075,"salmon ln, limehouse, london, uk"
"653","West Cromwell Road, Earl's Court, London, United Kingdom",-0.1916676,51.4948092,"cromwell rd, earl's court, london, uk"
"654","Blythe Road West, Shepherd's Bush, London, United Kingdom",-0.2167603,51.4975335,"blythe rd, hammersmith, london, uk"
"655","Trebovir Road, Earl's Court, London, United Kingdom",-0.1953949,51.4913942,"trebovir rd, earl's court, london sw5, uk"
"656","Danvers Street, West Chelsea, London, United Kingdom",-0.17272,51.4831649,"danvers st, chelsea, london sw3, uk"
"657","Wood Street, Guildhall, London, United Kingdom",-0.0910874,51.5157925,"basinghall st, london ec2v 7hh, uk"
"658","Northfields, Wandsworth, London, United Kingdom",-0.2005776,51.4610276,"northfields, london, uk"
"659","Pennington Street, Wapping, London, United Kingdom",-0.0629974,51.5087284,"pennington st, wapping, london e1w, uk"
"660","St. Peter's Terrace, Fulham, London, United Kingdom",-0.208172,51.4790094,"st peter's terrace, fulham, london sw6, uk"
"661","New Kent Road, The Borough, London, United Kingdom",-0.0917865,51.4941287,"new kent rd, london, uk"
"662","Archbishop's Park, Waterloo, London, United Kingdom",-0.1168206,51.4971562,"archbishop's park, carlisle ln, south bank, london se1 7le, uk"
"663","Carnegie Street, King's Cross, London, United Kingdom",-0.1151582,51.5354363,"carnegie st, barnsbury estate, london n1, uk"
"664","Colombo Street, Southwark, London, United Kingdom",-0.1052114,51.505851,"colombo st, london se1, uk"
"665","Walnut Tree Walk, Vauxhall, London, United Kingdom",-0.1123028,51.4939474,"walnut tree walk, bishop's, london se11, uk"
"666","Seymour Place, Marylebone, London, United Kingdom",-0.1624216,51.5178551,"seymour pl, marylebone, london, uk"
"667","Stewart's Road, Wandsworth Road, London, United Kingdom",-0.135406,51.4720813,"stewart's rd & wandsworth rd, larkhall, london sw8 2rx, uk"
"668","Vauxhall Bridge , Pimlico, London, United Kingdom",-0.137412,51.4924837,"vauxhall bridge rd, westminster, london, uk"
"669","Putney Rail Station, Putney, London, United Kingdom",-0.2163641,51.4611186,"putney, london sw15 1rt, uk"
"670","East India DLR, Blackwall, London, United Kingdom",-0.0022012,51.5093325,"east india, poplar, london e14 2eb, uk"
"671","Baylis Road, Waterloo, London, United Kingdom",-0.1109849,51.5004942,"baylis rd, south bank, london se1, uk"
"672","Lollard Street, Vauxhall, London, United Kingdom",-0.1135653,51.4922331,"lollard st, prince's, london se11, uk"
"673","Bedford Way, Bloomsbury, London, United Kingdom",-0.1278647,51.5233236,"bedford way, bloomsbury, london wc1h, uk"
"674","Podium, Queen Elizabeth Olympic Park, London, United Kingdom",-0.0120508,51.538516,"queen elizabeth olympic park, 5 thornton st, london e20 2ad, uk"
"675","Belgrave Road, Victoria, London, United Kingdom",-0.1400485,51.4912458,"belgrave rd, victoria, london sw1v, uk"
"676","Cromer Street, Bloomsbury, London, United Kingdom",-0.1219909,51.5278564,"cromer st, london wc1h, uk"
"677","Grosvenor Road, Pimlico, London, United Kingdom",-0.1380801,51.4850943,"grosvenor rd, pimlico, london, uk"
"678","Dickens Square, Borough, London, United Kingdom",-0.0938233,51.4975062,"dickens square, london se1, uk"
"679","Imperial Road, Sands End, London, United Kingdom",-0.1840383,51.4739997,"imperial rd, sands end, london sw6, uk"
"680","Little Argyll Street, West End, London, United Kingdom",-0.1412971,51.5145259,"little argyll st, west end, london, uk"
"681","Stainsby Road , Poplar, London, United Kingdom",-0.0241264,51.5144572,"stainsby rd, poplar, london e14, uk"
"682","Clifton Street, Shoreditch, London, United Kingdom",-0.0832408,51.5224204,"clifton st, shoreditch, london ec2a, uk"
"683","South Lambeth Road, Vauxhall, London, United Kingdom",-0.1232035,51.4835944,"s lambeth rd, vauxhall, london, uk"
"684","LSBU (Borough Road), Elephant & Castle, London, United Kingdom",-0.1016797,51.4986506,"103 borough rd, london se1 0aa, uk"
"685","Bancroft Road, Bethnal Green, London, United Kingdom",-0.0442404,51.5251708,"bancroft rd, bethnal green, london e1, uk"
"686","Southwark Station 1, Southwark, London, United Kingdom",-0.1049685,51.503926,"southwark station, 68-70 blackfriars rd, south bank, london se1 8jz, uk"
"687","Queen's Circus, Battersea Park, London, United Kingdom",-0.1564981,51.4791075,"battersea park, battersea, london sw11 4nj, uk"
"688","Earnshaw Street , Covent Garden, London, United Kingdom",-0.1286484,51.5160365,"earnshaw st, west end, london, uk"
"689","Dock Street, Wapping, London, United Kingdom",-0.0681793,51.5100338,"dock st, whitechapel, london, uk"
"690","River Street , Clerkenwell, London, United Kingdom",-0.1096825,51.5292183,"river st, islington, london, uk"
"691","Esmond Street, Putney, London, United Kingdom",-0.2103939,51.4620617,"esmond st, putney, london sw15, uk"
"692","Albert Bridge Road, Battersea Park, London, United Kingdom",-0.1615254,51.4757645,"albert bridge rd, battersea, london sw11 4nj, uk"
"693","Peterborough Road, Sands End, London, United Kingdom",-0.1962724,51.4690419,"peterborough rd, fulham, london sw6, uk"
"694","Park Street, Bankside, London, United Kingdom",-0.0976442,51.5060041,"18 great guildford st, london se1 0fd, uk"
"695","World's End Place, West Chelsea, London, United Kingdom",-0.1804186,51.4813247,"world's end place, chelsea, london sw10 0he, uk"
"696","Lower Thames Street, Monument, London, United Kingdom",-0.0846292,51.5093845,"lower thames st & monument st, bridge, london ec3r 6ad, uk"
"697","Timber Lodge, Queen Elizabeth Olympic Park, London, United Kingdom",-0.0126168,51.5471695,"timber lodge queen elizabeth olympic park, 1a, honour lea ave, east village, london e20 1dy, uk"
"698","Howick Place, Westminster, London, United Kingdom",-0.1373755,51.4966816,"howick pl, westminster, london, uk"
"699","Shouldham Street, Marylebone, London, United Kingdom",-0.1637898,51.5181968,"shouldham st, marylebone, london, uk"
"700","Holland Park, Kensington, London, United Kingdom",-0.2036668,51.5032252,"holland park, ilchester pl, kensington, london w8 6lu, uk"
"701","Buxton Street 1, Shoreditch, London, United Kingdom",-0.0713793,51.5220529,"1 buxton st, london e1 5eg, uk"
"702","Santos Road, Wandsworth, London, United Kingdom",-0.2010732,51.4586014,"santos rd, london, uk"
"703","Webber Street , Southwark, London, United Kingdom",-0.1044016,51.5009477,"webber st, london se1, uk"
"704","Queensdale Road, Shepherd's Bush, London, United Kingdom",-0.2125105,51.5070749,"queensdale rd, notting hill, london w11, uk"
"705","Ansell House, Stepney, London, United Kingdom",-0.0549881,51.5196449,"ansell house, london e1, uk"
"706","Christian Street, Whitechapel, London, United Kingdom",-0.0641481,51.5128331,"christian st, whitechapel, london e1, uk"
"707","Spindrift Avenue, Millwall, London, United Kingdom",-0.0179927,51.4910193,"spindrift ave, isle of dogs, london e14, uk"
"708","Red Lion Square, Holborn, London, United Kingdom",-0.1170109,51.519178,"red lion st, holborn, london, uk"
"709","Calshot Street , King's Cross, London, United Kingdom",-0.1172435,51.532728,"calshot st, london n1, uk"
"710","New North Road 1, Hoxton, London, United Kingdom",-0.0841875,51.5302772,"1 new n rd, hoxton, london n1, uk"
"711","St John's Crescent, Brixton, London, United Kingdom",-0.1119523,51.4661591,"st john's cres, coldharbour, london sw9, uk"
"712","Grafton Street, Mayfair, London, United Kingdom",-0.1434662,51.5099665,"grafton st, mayfair, london w1j, uk"
"713","South Quay East, Canary Wharf, London, United Kingdom",-0.016251,51.50196,"south quay east, canary wharf, poplar, london e14 5ee, uk"
"714","Austin Road, Battersea Park, London, United Kingdom",-0.1564981,51.4791075,"battersea park, battersea, london sw11 4nj, uk"
"715","Harrington Square 1, Camden Town, London, United Kingdom",-0.1389354,51.5343452,"1 harrington square, kings cross, london nw1 2ja, uk"
"716","Howland Street, Fitzrovia, London, United Kingdom",-0.1375587,51.5215139,"howland st, fitzrovia, london, uk"
"717","Grosvenor Crescent, Belgravia, London, United Kingdom",-0.1534002,51.501177,"grosvenor cres, belgravia, london sw1x, uk"
"718","Mallory Street, Marylebone, London, United Kingdom",-0.166472,51.5249142,"mallory st, marylebone, london nw8, uk"
"719","Knightsbridge, Hyde Park, London, United Kingdom",-0.1598675,51.502273,"66 knightsbridge, london sw1x 7la, uk"
"720","Great Dover Street, The Borough, London, United Kingdom",-0.0898965,51.4977112,"great dover st, london se1, uk"
"721","Alfreda Street, Battersea Park, London, United Kingdom",-0.1564981,51.4791075,"battersea park, battersea, london sw11 4nj, uk"
"722","All Saints' Road, Portobello, London, United Kingdom",-0.2041896,51.5185217,"all saints rd, notting hill, london, uk"
"723","Old Montague Street, Whitechapel, London, United Kingdom",-0.0673993,51.5180774,"old montague st, whitechapel, london e1, uk"
"724","Southerton Road, Hammersmith, London, United Kingdom",-0.2283913,51.4955347,"southerton rd, hammersmith, london w6, uk"
"725","Bell Lane, Liverpool Street, London, United Kingdom",-0.0758266,51.517438,"bell ln, spitalfields, london, uk"
"726","Here East North, Queen Elizabeth Olympic Park, London, United Kingdom",-0.0239598,51.5473914,"queen elizabeth olympic park, hackney wick, london e15 2gw, uk"
"727","Harford Street, Mile End, London, United Kingdom",-0.038978,51.5207041,"harford st, london e1, uk"
"728","Langdon Park, Poplar, London, United Kingdom",-0.0141235,51.5152196,"langdon park dlr station, poplar, london e14 6gn, uk"
"729","Emperor's Gate, South Kensington, London, United Kingdom",-0.1853235,51.4954372,"emperor's gate, south kensington, london, uk"
"730","Everington Street, Fulham, London, United Kingdom",-0.216802,51.4844407,"everington st, hammersmith, london, uk"
"731","BBC White City, White City, London, United Kingdom",-0.2262348,51.5140509,"white city one, shepherd's bush, london w12 7ts, uk"
"732","Thorndike Close, West Chelsea, London, United Kingdom",-0.1842717,51.4805005,"thorndike cl, chelsea, london sw10, uk"
"733","Carey Street, Holborn, London, United Kingdom",-0.1138242,51.5148299,"carey st, holborn, london wc2a, uk"
"734","Murray Grove , Hoxton, London, United Kingdom",-0.0892247,51.5308825,"murray grove, hoxton, london n1, uk"
"735","Poured Lines, Bankside, London, United Kingdom",-0.0951836,51.5081373,"bankside, london se1, uk"
"736","Bromley High Street, Bow, London, United Kingdom",-0.0150639,51.5280435,"bromley high st., bow, london e3, uk"
"737","Geraldine Street, Elephant & Castle, London, United Kingdom",-0.1060361,51.4960304,"geraldine st, london se1, uk"
"738","De Vere Gardens, Kensington, London, United Kingdom",-0.1849521,51.500706,"de vere gardens, kensington, london w8, uk"
"739","Finnis Street, Bethnal Green, London, United Kingdom",-0.0586127,51.5248174,"finnis st, london e2, uk"
"740","Norton Folgate, Liverpool Street, London, United Kingdom",-0.0814374,51.5187516,"liverpool street station, liverpool st, london ec2m 7py, uk"
"741","Naval Row, Blackwall, London, United Kingdom",-0.005009,51.509189,"naval row, poplar, london e14, uk"
"742","Kensington Town Hall, Kensington, London, United Kingdom",-0.1951534,51.5024703,"hornton st, kensington, london w8 7nx, uk"
"743","Millbank Tower, Pimlico, London, United Kingdom",-0.1259321,51.492317,"28th floor millbank tower 30 millbank 4qp, 21-24 millbank, westminster, london sw1p 4rs, uk"
"744","Westfield Southern Terrace ,Shepherd's Bush, London, United Kingdom",-0.2212054,51.5075725,"ariel way, shepherd's bush, london w12 7gf, uk"
"745","Grosvenor Square, Mayfair, London, United Kingdom",-0.1511036,51.5109266,"grosvenor square, mayfair, london w1k, uk"
"746","The Guildhall, Guildhall, London, United Kingdom",-0.0910874,51.5157925,"basinghall st, london ec2v 7hh, uk"
"747","Ilchester Place, Kensington, London, United Kingdom",-0.2037378,51.5004064,"ilchester pl, kensington, london, uk"
"748","Park Lane, Mayfair, London, United Kingdom",-0.1547189,51.5083331,"park ln, mayfair, london, uk"
"749","Lincoln's Inn Fields, Holborn, London, United Kingdom",-0.1170444,51.5169516,"lincoln's inn fields, holborn, london, uk"
"750","Southern Grove, Bow, London, United Kingdom",-0.0307525,51.5237533,"southern grove, bow, london e3, uk"
"751","Spanish Road, Clapham Junction, London, United Kingdom",-0.1678604,51.46307,"20 st john's rd, london sw11 1pn, uk"
"752","Heron Quays DLR, Canary Wharf, London, United Kingdom",-0.02145,51.5029405,"heron quays, canary wharf, london e14 4ad, uk"
"753","Clarendon Road, Avondale, London, United Kingdom",-0.0958246,51.584773,"avondale rd & clarendon rd, harringay, london n15 3rq, uk"
"754","Victoria & Albert Museum, South Kensington, London, United Kingdom",-97.0035982,28.8052674,"victoria, tx, usa"
"755","Penfold Street, Marylebone, London, United Kingdom",-0.1712236,51.5227912,"penfold st, marylebone, london, uk"
"756","Wynne Road, Stockwell, London, United Kingdom",-0.1130583,51.4691762,"wynne rd, ferndale, london sw9, uk"
"757","Freston Road, Avondale, London, United Kingdom",-0.2184485,51.5119059,"freston rd, notting hill, london, uk"
"758","Morie Street, Wandsworth, London, United Kingdom",-0.1900457,51.4598813,"morie st, wandsworth, london sw18, uk"
"759","Lord's, St. John's Wood, London, United Kingdom",-0.1721564,51.529831,"st john's wood rd, st john's wood, london nw8 8qn, uk"
"760","Broomhouse Lane, Parsons Green, London, United Kingdom",-0.1991098,51.4683436,"broomhouse ln, fulham, london sw6, uk"
"761","Kensington Gore, Knightsbridge, London, United Kingdom",-0.1766086,51.5009132,"kensington gore, knightsbridge, london sw7, uk"
"762","Neville Gill Close, Wandsworth, London, United Kingdom",-0.1948588,51.4543639,"neville gill cl, wandsworth, london sw18, uk"
"763","Campden Hill Road, Notting Hill, London, United Kingdom",-0.2008394,51.5080187,"campden hill pl, notting hill, london, uk"
"764","Sidney Road, Stockwell, London, United Kingdom",-0.1180944,51.4697964,"sidney rd, stockwell, london sw9, uk"
"765","St. Mary & St. Michael Church, Stepney, London, United Kingdom",-79.7691176,36.0648563,"1414 gorrell st, greensboro, nc 27401, usa"
"766","Stebondale Street, Cubitt Town, London, United Kingdom",-0.0089376,51.4893503,"stebondale st, isle of dogs, london e14, uk"
"767","Lancaster Drive, Blackwall, London, United Kingdom",-0.0086627,51.5033255,"lancaster dr, london e14, uk"
"768","Millharbour, Millwall, London, United Kingdom",-0.0188919,51.4983428,"millharbour, isle of dogs, london e14, uk"
"769","Fawcett Close, Battersea, London, United Kingdom",-0.1742286,51.4692496,"fawcett cl, battersea, london sw11, uk"
"770","Import Dock, Canary Wharf, London, United Kingdom",-0.0161497,51.5019442,"south dock, london e14, uk"
"771","Broadley Terrace, Marylebone, London, United Kingdom",-0.1663829,51.524133,"broadley terrace, marylebone, london, uk"
"772","Orsett Terrace, Bayswater, London, United Kingdom",-0.1842862,51.5177421,"orsett terrace, bayswater, london w2, uk"
"773","Bevington Road, North Kensington, London, United Kingdom",-0.2076607,51.5208259,"bevington rd, london w10, uk"
"774","Aberfeldy Street, Poplar, London, United Kingdom",-0.0056214,51.513633,"aberfeldy st, aberfeldy village, london e14, uk"
"775","Sirdar Road, Avondale, London, United Kingdom",-0.2133436,51.5113211,"avondale park, walmer rd, notting hill, london w11 4pn, uk"
"776","Hampstead Road (Cartmel), Euston, London, United Kingdom",-0.1385654,51.5296564,"hampstead rd, london nw1, uk"
"777","Michael Road, Walham Green, London, United Kingdom",-0.1880496,51.4779162,"michael rd, fulham, london sw6, uk"
"778","Mudchute DLR, Cubitt Town, London, United Kingdom",-0.0149936,51.4913268,"mudchute, spindrift ave, isle of dogs, london e14 9zt, uk"
"779","Castalia Square, Cubitt Town, London, United Kingdom",-0.0106403,51.4981723,"castalia square, isle of dogs, london e14 3pq, uk"
"780","St. John's Park, Cubitt Town, London, United Kingdom",-0.0104415,51.4971049,"st john's park, 6 plevna st, isle of dogs, london e14 3he, uk"
"781","Manfred Road, East Putney, London, United Kingdom",-0.2062515,51.4583727,"manfred rd, putney, london sw15, uk"
"782","Seville Street, Knightsbridge, London, United Kingdom",-0.1592299,51.5017099,"seville st, knightsbridge, london, uk"
"783","Pall Mall East, West End, London, United Kingdom",-0.130309,51.5079742,"pall mall e, west end, london sw1y, uk"
"784","Waterloo Road, South Bank, London, United Kingdom",-0.110216,51.5024427,"waterloo rd, south bank, london se1, uk"
"785","Lansdowne Way Bus Garage, Stockwell, London, United Kingdom",-0.1243735,51.4734585,"binfield rd, stockwell, london sw4 6st, uk"
"786","Walworth Square, Walworth, London, United Kingdom",-0.0962758,51.4892277,"walworth rd, london, uk"
"787","Claverton Street, Pimlico, London, United Kingdom",-0.1377537,51.4863742,"claverton st, pimlico, london sw1v, uk"
